playerName,nationality,nationalityCn,group,continent,position,age,heightCm,appearances,goals,club,league,marketValueEur,dataStatus
Guillermo Ochoa,Mexico,墨西哥,A,中北美,GK,39,177,150,,AEK拉纳卡,塞浦甲,1000000,★已核实
Carlos Acevedo,Mexico,墨西哥,A,中北美,GK,29,190,15,,桑托斯拉古纳,墨超,3000000,★已核实
Raul Rangel,Mexico,墨西哥,A,中北美,GK,24,198,3,,瓜达拉哈拉,墨超,4000000,★已核实
Israel Reyes,Mexico,墨西哥,A,中北美,DF,25,184,15,1,美洲,墨超,8000000,★已核实
Johan Vasquez,Mexico,墨西哥,A,中北美,DF,26,166,25,2,热那亚,意甲,10000000,★已核实
Cesar Montes,Mexico,墨西哥,A,中北美,DF,28,195,35,2,莫斯科火车头,俄超,8000000,★已核实
Jorge Sanchez,Mexico,墨西哥,A,中北美,DF,28,189,30,1,PAOK,希超,5000000,★已核实
Jesus Gallardo,Mexico,墨西哥,A,中北美,DF,31,191,60,3,托卢卡,墨超,4000000,★已核实
Mateo Chavez,Mexico,墨西哥,A,中北美,DF,21,170,5,,PSV,荷甲,8000000,★已核实
Edson Alvarez,Mexico,墨西哥,A,中北美,MF,27,185,55,5,费内巴切,土超,28000000,★已核实
Luis Romo,Mexico,墨西哥,A,中北美,MF,29,180,30,3,瓜达拉哈拉,墨超,8000000,★已核实
Orbelin Pineda,Mexico,墨西哥,A,中北美,MF,29,179,50,8,AEK雅典,希超,8000000,★已核实
Luis Chavez,Mexico,墨西哥,A,中北美,MF,29,165,25,4,莫斯科迪纳摩,俄超,7000000,★已核实
Erik Lira,Mexico,墨西哥,A,中北美,MF,24,171,15,1,蓝十字,墨超,6000000,★已核实
Obed Vargas,Mexico,墨西哥,A,中北美,MF,20,192,5,,马德里竞技,西甲,15000000,★已核实
Brian Gutierrez,Mexico,墨西哥,A,中北美,MF,23,186,8,1,瓜达拉哈拉,墨超,5000000,★已核实
Alvaro Fidalgo,Mexico,墨西哥,A,中北美,MF,28,194,12,2,皇家贝蒂斯,西甲,6000000,★已核实
Roberto Alvarado,Mexico,墨西哥,A,中北美,FW,26,190,35,8,瓜达拉哈拉,墨超,7000000,★已核实
Santiago Gimenez,Mexico,墨西哥,A,中北美,FW,24,181,25,10,AC米兰,意甲,30000000,★已核实
Raul Jimenez,Mexico,墨西哥,A,中北美,FW,34,174,110,30,富勒姆,英超,8000000,★已核实
Alexis Vega,Mexico,墨西哥,A,中北美,FW,27,171,30,8,托卢卡,墨超,6000000,★已核实
Julian Quinones,Mexico,墨西哥,A,中北美,FW,28,166,18,6,卡迪西亚,沙特联,12000000,★已核实
Cesar Huerta,Mexico,墨西哥,A,中北美,FW,23,190,8,2,安德莱赫特,比甲,7000000,★已核实
Guillermo Martinez,Mexico,墨西哥,A,中北美,FW,30,184,10,3,国立自治大学,墨超,3000000,★已核实
Armando Gonzalez,Mexico,墨西哥,A,中北美,FW,22,181,5,2,瓜达拉哈拉,墨超,5000000,★已核实
Gilberto Mora,Mexico,墨西哥,A,中北美,FW,21,181,3,,蒂华纳,墨超,4000000,★已核实
Seck,South Africa,南非,A,非洲,GK,24,190,51,1,阿尔纳斯尔,沙特联,8700000,预估
Ashour,South Africa,南非,A,非洲,GK,25,175,70,,阿尔阿赫利,埃及超,8000000,预估
Koné,South Africa,南非,A,非洲,GK,27,187,34,,阿尔阿赫利,埃及超,7500000,预估
Ben Romdhane,South Africa,南非,A,非洲,DF,24,170,40,,阿尔艾因,阿联酋超,3800000,预估
Mane,South Africa,南非,A,非洲,DF,33,186,54,,扎马雷克,埃及超,5000000,预估
Awoniyi,South Africa,南非,A,非洲,DF,22,166,48,,阿尔阿赫利,沙特联,2700000,预估
Lookman,South Africa,南非,A,非洲,DF,30,176,57,1,阿尔阿赫利,埃及超,3200000,预估
Msakni,South Africa,南非,A,非洲,DF,22,172,30,,ASEC米莫萨,科特迪瓦超,4200000,预估
Onuachu,South Africa,南非,A,非洲,DF,30,185,70,,阿尔阿赫利,沙特联,1700000,预估
Diop,South Africa,南非,A,非洲,DF,34,165,71,,阿尔阿赫利,沙特联,1800000,预估
Hassan,South Africa,南非,A,非洲,DF,31,170,54,,阿尔希拉尔,沙特联,3200000,预估
Fall,South Africa,南非,A,非洲,MF,29,167,65,12,突尼斯希望,突超,2700000,预估
Kouyate,South Africa,南非,A,非洲,MF,27,173,43,7, TP马赞贝,刚果超,2100000,预估
Sow,South Africa,南非,A,非洲,MF,23,189,34,3,波特洛,安哥拉超,3200000,预估
Ouedraogo,South Africa,南非,A,非洲,MF,21,177,48,8,马梅洛迪日落,南非超,1700000,预估
Jaziri,South Africa,南非,A,非洲,MF,30,176,50,2,阿尔艾因,阿联酋超,1400000,预估
Tau,South Africa,南非,A,非洲,MF,28,186,39,4,马梅洛迪日落,南非超,1100000,预估
Mendy,South Africa,南非,A,非洲,MF,28,177,64,1,波特洛,安哥拉超,1500000,预估
Seck II,South Africa,南非,A,非洲,MF,30,177,55,5,开罗国民,埃及超,900000,预估
Hassan Jr,South Africa,南非,A,非洲,FW,24,183,50,11,ASEC米莫萨,科特迪瓦超,2300000,预估
Seck Jr,South Africa,南非,A,非洲,FW,32,171,56,3,开罗国民,埃及超,1100000,预估
Mane A,South Africa,南非,A,非洲,FW,28,181,65,14,突尼斯希望,突超,2000000,预估
Osimhen,South Africa,南非,A,非洲,FW,30,165,74,10,阿尔纳斯尔,沙特联,1500000,预估
El Shenawy,South Africa,南非,A,非洲,FW,20,188,53,1,拉贾,摩超,1700000,预估
Onuachu A,South Africa,南非,A,非洲,FW,23,187,41,7, TP马赞贝,刚果超,700000,预估
Fall Jr,South Africa,南非,A,非洲,FW,32,167,61,7,开罗国民,埃及超,800000,预估
Jo Hyeon-woo,South Korea,韩国,A,亚洲,GK,34,197,35,,蔚山HD,K1,1500000,★已核实
Song Bum-keun,South Korea,韩国,A,亚洲,GK,28,170,8,,全北现代,K1,1000000,★已核实
Kim Min-jae,South Korea,韩国,A,亚洲,DF,28,182,65,4,拜仁慕尼黑,德甲,50000000,★已核实
Kim Young-gwon,South Korea,韩国,A,亚洲,DF,35,174,110,7,蔚山HD,K1,1000000,★已核实
Kim Jin-su,South Korea,韩国,A,亚洲,DF,32,188,70,2,全北现代,K1,1000000,★已核实
Seol Young-woo,South Korea,韩国,A,亚洲,DF,26,191,15,1,贝尔格莱德红星,塞超,3000000,★已核实
Lee Myung-jae,South Korea,韩国,A,亚洲,DF,31,182,20,,蔚山HD,K1,1000000,★已核实
Cho Yu-min,South Korea,韩国,A,亚洲,DF,27,194,5,,沙迦,阿联酋超,1000000,★已核实
Hwang In-beom,South Korea,韩国,A,亚洲,MF,28,183,50,5,费耶诺德,荷甲,12000000,★已核实
Lee Kang-in,South Korea,韩国,A,亚洲,MF,24,176,30,7,巴黎圣日耳曼,法甲,22000000,★已核实
Lee Jae-sung,South Korea,韩国,A,亚洲,MF,32,176,85,12,美因茨,德甲,4000000,★已核实
Hong Hyun-seok,South Korea,韩国,A,亚洲,MF,26,195,16,,根特,比甲,3000000,★已核实
Kwon Hyuk-kyu,South Korea,韩国,A,亚洲,MF,24,191,2,,卡尔斯鲁厄,德乙,2000000,★已核实
Bae Jun-ho,South Korea,韩国,A,亚洲,MF,22,173,8,1,斯托克城,英冠,3000000,★已核实
Park Yong-woo,South Korea,韩国,A,亚洲,MF,32,172,24,,阿尔艾因,阿联酋超,2000000,★已核实
Son Heung-min,South Korea,韩国,A,亚洲,FW,33,184,130,55,热刺,英超,35000000,★已核实
Cho Gue-sung,South Korea,韩国,A,亚洲,FW,27,195,30,10,凯尔特人,苏超,5000000,★已核实
Oh Hyeon-gyu,South Korea,韩国,A,亚洲,FW,24,171,15,3,亨克,比甲,3000000,★已核实
Oh Se-hun,South Korea,韩国,A,亚洲,FW,26,179,10,2,金泉尚武,K1,1000000,★已核实
Joo Min-kyu,South Korea,韩国,A,亚洲,FW,35,194,15,5,蔚山HD,K1,1000000,★已核实
Um Won-sang,South Korea,韩国,A,亚洲,FW,26,177,15,3,金泉尚武,K1,1500000,★已核实
Yang Min-hyeok,South Korea,韩国,A,亚洲,FW,20,183,2,,热刺,英超,12000000,★已核实
Kim Shin-wook,South Korea,韩国,A,亚洲,FW,37,165,60,20,香港流浪,港超,500000,★已核实
Jung Woo-young,South Korea,韩国,A,亚洲,MF,35,173,80,4,阿尔萨得,卡塔尔联,1000000,★已核实
Hwang Hee-chan,South Korea,韩国,A,亚洲,FW,29,170,65,15,狼队,英超,18000000,★已核实
Lee Soon-min,South Korea,韩国,A,亚洲,MF,30,178,5,,大田市民,K1,1000000,★已核实
Karlsson,Czech Republic,捷克,A,欧洲,GK,26,184,44,,巴塞尔,瑞士超,6300000,预估
Popescu,Czech Republic,捷克,A,欧洲,GK,35,171,75,,布拉格斯巴达,捷甲,6600000,预估
Lund,Czech Republic,捷克,A,欧洲,GK,31,185,64,1,马尔默,瑞超,5600000,预估
Gustafsson,Czech Republic,捷克,A,欧洲,DF,24,167,48,,费耶诺德,荷甲,2400000,预估
Nowak,Czech Republic,捷克,A,欧洲,DF,34,181,69,,华沙莱吉亚,波甲,3500000,预估
Kozlov,Czech Republic,捷克,A,欧洲,DF,32,174,87,1,年轻人,瑞士超,5400000,预估
Bianchi,Czech Republic,捷克,A,欧洲,DF,33,175,68,,萨尔茨堡红牛,奥甲,3900000,预估
Olsen,Czech Republic,捷克,A,欧洲,DF,27,195,59,1,费耶诺德,荷甲,3900000,预估
Novak,Czech Republic,捷克,A,欧洲,DF,21,168,43,,布拉格斯拉维亚,捷甲,2200000,预估
Holm,Czech Republic,捷克,A,欧洲,DF,28,190,49,,凯尔特人,苏超,1500000,预估
Bianchi Jr.,Czech Republic,捷克,A,欧洲,DF,28,181,72,1,卢多戈雷茨,保甲,3100000,预估
Eriksson,Czech Republic,捷克,A,欧洲,MF,21,195,50,2,马尔默,瑞超,3400000,预估
Smit,Czech Republic,捷克,A,欧洲,MF,27,173,60,1,维也纳快速,奥甲,1700000,预估
Larsen,Czech Republic,捷克,A,欧洲,MF,24,193,43,3,莫斯科斯巴达,俄超,3400000,预估
Karlsson B,Czech Republic,捷克,A,欧洲,MF,22,182,58,8,哥本哈根,丹超,1700000,预估
Schmid,Czech Republic,捷克,A,欧洲,MF,20,191,37,5,顿涅茨克矿工,乌超,700000,预估
Lund II,Czech Republic,捷克,A,欧洲,MF,20,190,42,1,安德莱赫特,比甲,2300000,预估
Bianchi B,Czech Republic,捷克,A,欧洲,MF,21,183,38,2,年轻人,瑞士超,2300000,预估
Virtanen,Czech Republic,捷克,A,欧洲,MF,20,173,32,2,萨尔茨堡红牛,奥甲,1700000,预估
Rossi,Czech Republic,捷克,A,欧洲,FW,23,187,33,2,布拉格斯拉维亚,捷甲,1800000,预估
Jensen,Czech Republic,捷克,A,欧洲,FW,22,179,19,4,贝尔格莱德红星,塞超,1800000,预估
Eriksson B,Czech Republic,捷克,A,欧洲,FW,29,195,66,2,布鲁日,比甲,2400000,预估
Kovac,Czech Republic,捷克,A,欧洲,FW,28,177,77,8,布拉格斯巴达,捷甲,1100000,预估
Petrov,Czech Republic,捷克,A,欧洲,FW,27,183,35,5,贝尔格莱德红星,塞超,2100000,预估
Lund Jr.,Czech Republic,捷克,A,欧洲,FW,30,180,66,14,贝尔格莱德红星,塞超,2100000,预估
Rossi Jr.,Czech Republic,捷克,A,欧洲,FW,21,189,39,3,流浪者,苏超,1900000,预估
Gallardo,Canada,加拿大,B,中北美,GK,35,175,60,,莫塔瓜,洪都拉斯超,17500000,预估
Eustaquio,Canada,加拿大,B,中北美,GK,25,192,42,,陶罗,巴拿马,21200000,预估
Larin,Canada,加拿大,B,中北美,GK,29,178,66,,莫塔瓜,洪都拉斯超,23000000,预估
Betancourt,Canada,加拿大,B,中北美,DF,29,195,56,1,老虎,墨超,6300000,预估
Vitória,Canada,加拿大,B,中北美,DF,29,189,50,,洛杉矶FC,美职联,6500000,预估
Lowe,Canada,加拿大,B,中北美,DF,26,179,48,1,埃雷迪亚诺,哥斯达黎加,13700000,预估
Davies,Canada,加拿大,B,中北美,DF,26,186,45,,蓝十字,墨超,8000000,预估
Francis,Canada,加拿大,B,中北美,DF,30,179,47,1,阿拉伯联合,萨尔瓦多超,12500000,预估
Quioto,Canada,加拿大,B,中北美,DF,33,193,57,1,阿拉伯联合,萨尔瓦多超,8199999,预估
Francis II,Canada,加拿大,B,中北美,DF,25,183,54,,阿拉胡埃伦斯,哥斯达黎加,4099999,预估
Davies B,Canada,加拿大,B,中北美,DF,24,192,38,,阿拉伯联合,萨尔瓦多超,4400000,预估
Alvarez,Canada,加拿大,B,中北美,MF,23,165,48,5,蓝十字,墨超,3300000,预估
Chavez,Canada,加拿大,B,中北美,MF,33,180,61,6,埃雷迪亚诺,哥斯达黎加,3600000,预估
Knight,Canada,加拿大,B,中北美,MF,25,168,67,14,老虎,墨超,9000000,预估
Vasquez,Canada,加拿大,B,中北美,MF,22,173,58,5,西雅图海湾人,美职联,6700000,预估
Flemmings,Canada,加拿大,B,中北美,MF,26,167,56,2,温哥华白浪,美职联,4400000,预估
Pineda,Canada,加拿大,B,中北美,MF,24,177,75,10,国际迈阿密,美职联,1800000,预估
Pineda A,Canada,加拿大,B,中北美,MF,26,185,52,12,莫塔瓜,洪都拉斯超,1900000,预估
Flemmings Jr.,Canada,加拿大,B,中北美,MF,31,190,56,6,温哥华白浪,美职联,5800000,预估
Caldwell,Canada,加拿大,B,中北美,FW,28,172,69,11,国际迈阿密,美职联,2200000,预估
Dixon,Canada,加拿大,B,中北美,FW,30,186,50,7,美洲,墨超,5100000,预估
Larin A,Canada,加拿大,B,中北美,FW,24,187,41,6,埃雷迪亚诺,哥斯达黎加,2500000,预估
Flemmings B,Canada,加拿大,B,中北美,FW,27,172,30,7,蓝十字,墨超,3600000,预估
Quioto Jr.,Canada,加拿大,B,中北美,FW,24,190,46,7,莫塔瓜,洪都拉斯超,4000000,预估
Millar,Canada,加拿大,B,中北美,FW,32,175,65,1,西雅图海湾人,美职联,2700000,预估
Antuna,Canada,加拿大,B,中北美,FW,27,178,62,2,埃雷迪亚诺,哥斯达黎加,4400000,预估
Almoez,Qatar,卡塔尔,B,亚洲,GK,34,198,55,1,塔什干棉农,乌兹超,7900000,预估
Al Shehri,Qatar,卡塔尔,B,亚洲,GK,36,179,72,1,吉达联合,沙特联,9300000,预估
Lee,Qatar,卡塔尔,B,亚洲,GK,26,184,35,,武里南联,泰超,9000000,预估
Taniguchi,Qatar,卡塔尔,B,亚洲,DF,28,182,59,1,上海海港,中超,2800000,预估
Solomon,Qatar,卡塔尔,B,亚洲,DF,30,165,41,,上海海港,中超,3400000,预估
Solomon B,Qatar,卡塔尔,B,亚洲,DF,23,187,34,,柔佛,马来超,4800000,预估
Kim,Qatar,卡塔尔,B,亚洲,DF,34,191,55,,武里南联,泰超,4400000,预估
Son,Qatar,卡塔尔,B,亚洲,DF,24,173,48,1,杜海勒,卡塔尔联,3300000,预估
Kanno,Qatar,卡塔尔,B,亚洲,DF,23,172,39,,塔什干棉农,乌兹超,1600000,预估
Almoez A,Qatar,卡塔尔,B,亚洲,DF,29,174,36,,利雅得胜利,沙特联,2300000,预估
Almoez B,Qatar,卡塔尔,B,亚洲,DF,33,167,83,,利雅得新月,沙特联,2600000,预估
Al Shehri A,Qatar,卡塔尔,B,亚洲,MF,24,177,31,4,山东泰山,中超,3000000,预估
Abada,Qatar,卡塔尔,B,亚洲,MF,32,186,51,6,浦和红钻,J1,2600000,预估
Ghoddos,Qatar,卡塔尔,B,亚洲,MF,25,188,50,9,塔什干棉农,乌兹超,2800000,预估
Akrami,Qatar,卡塔尔,B,亚洲,MF,22,191,56,9,利雅得新月,沙特联,3600000,预估
Kanno B,Qatar,卡塔尔,B,亚洲,MF,22,175,35,1,蔚山HD,K1,2200000,预估
Ghoddos A,Qatar,卡塔尔,B,亚洲,MF,23,167,46,8,杜海勒,卡塔尔联,1400000,预估
Al Dawsari,Qatar,卡塔尔,B,亚洲,MF,31,182,46,3,阿尔萨得,卡塔尔联,1600000,预估
Al Hamdan,Qatar,卡塔尔,B,亚洲,MF,32,194,65,4,利雅得胜利,沙特联,2300000,预估
Al Dawsari Jr,Qatar,卡塔尔,B,亚洲,FW,22,170,17,2,柔佛,马来超,1000000,预估
Jeon,Qatar,卡塔尔,B,亚洲,FW,27,180,63,12,阿尔萨得,卡塔尔联,1900000,预估
Taniguchi II,Qatar,卡塔尔,B,亚洲,FW,24,175,62,14,利雅得新月,沙特联,800000,预估
Ghoddos B,Qatar,卡塔尔,B,亚洲,FW,31,176,83,17,浦和红钻,J1,1000000,预估
Taniguchi Jr,Qatar,卡塔尔,B,亚洲,FW,32,171,80,13,山东泰山,中超,700000,预估
Al Hamdan Jr,Qatar,卡塔尔,B,亚洲,FW,30,193,63,15,山东泰山,中超,1200000,预估
Akrami II,Qatar,卡塔尔,B,亚洲,FW,26,183,46,11,武里南联,泰超,900000,预估
Marino,Switzerland,瑞士,B,欧洲,GK,33,176,68,1,卢多戈雷茨,保甲,58800000,预估
Gustafsson,Switzerland,瑞士,B,欧洲,GK,28,173,40,,马尔默,瑞超,43000000,预估
Nagy,Switzerland,瑞士,B,欧洲,GK,28,198,56,1,马尔默,瑞超,61200000,预估
Weber,Switzerland,瑞士,B,欧洲,DF,21,188,28,,布拉格斯拉维亚,捷甲,25900000,预估
Kovac,Switzerland,瑞士,B,欧洲,DF,26,186,48,1,布拉格斯拉维亚,捷甲,32200000,预估
Karlsson,Switzerland,瑞士,B,欧洲,DF,21,194,55,,哥本哈根,丹超,26300000,预估
Eriksen,Switzerland,瑞士,B,欧洲,DF,28,194,48,,马尔默,瑞超,27100000,预估
Lindberg,Switzerland,瑞士,B,欧洲,DF,22,171,29,,维也纳快速,奥甲,21700000,预估
Moretti,Switzerland,瑞士,B,欧洲,DF,31,180,48,1,顿涅茨克矿工,乌超,16900000,预估
Karlsson A,Switzerland,瑞士,B,欧洲,DF,26,188,48,,奥林匹亚科斯,希超,18800000,预估
Horvat,Switzerland,瑞士,B,欧洲,DF,22,171,53,1,布拉格斯拉维亚,捷甲,19100000,预估
Mihai,Switzerland,瑞士,B,欧洲,MF,23,172,55,4,顿涅茨克矿工,乌超,11200000,预估
Gustafsson Jr,Switzerland,瑞士,B,欧洲,MF,29,188,64,6,布鲁日,比甲,12200000,预估
Moretti Jr.,Switzerland,瑞士,B,欧洲,MF,31,172,50,1,奥林匹亚科斯,希超,16100000,预估
Kowalski,Switzerland,瑞士,B,欧洲,MF,28,192,40,1,流浪者,苏超,12400000,预估
Eriksson,Switzerland,瑞士,B,欧洲,MF,29,173,39,4,顿涅茨克矿工,乌超,7200000,预估
Mihai Jr.,Switzerland,瑞士,B,欧洲,MF,24,171,51,6,顿涅茨克矿工,乌超,14900000,预估
Andersson,Switzerland,瑞士,B,欧洲,MF,30,172,63,3,流浪者,苏超,11900000,预估
Andersson A,Switzerland,瑞士,B,欧洲,MF,21,171,31,4,布鲁日,比甲,15500000,预估
Korhonen,Switzerland,瑞士,B,欧洲,FW,23,191,41,5,维也纳快速,奥甲,13000000,预估
De Jong,Switzerland,瑞士,B,欧洲,FW,24,172,42,6,萨尔茨堡红牛,奥甲,14000000,预估
Novak,Switzerland,瑞士,B,欧洲,FW,32,191,84,6,哥本哈根,丹超,6300000,预估
Nagy II,Switzerland,瑞士,B,欧洲,FW,23,184,52,9,安德莱赫特,比甲,5900000,预估
Bakker,Switzerland,瑞士,B,欧洲,FW,24,176,58,10,贝尔格莱德红星,塞超,4300000,预估
Van Dijk,Switzerland,瑞士,B,欧洲,FW,21,169,45,7,奥林匹亚科斯,希超,11900000,预估
Popescu,Switzerland,瑞士,B,欧洲,FW,26,189,34,5,马尔默,瑞超,5200000,预估
Marino,Bosnia and Herzegovina,波黑,B,欧洲,GK,26,171,56,1,凯尔特人,苏超,10700000,预估
Greco,Bosnia and Herzegovina,波黑,B,欧洲,GK,31,171,41,,贝尔格莱德红星,塞超,11200000,预估
Marino Jr,Bosnia and Herzegovina,波黑,B,欧洲,GK,32,197,36,,安德莱赫特,比甲,14900000,预估
Virtanen,Bosnia and Herzegovina,波黑,B,欧洲,DF,25,167,34,,马尔默,瑞超,5000000,预估
Andersson,Bosnia and Herzegovina,波黑,B,欧洲,DF,30,186,37,,奥林匹亚科斯,希超,10900000,预估
Lund,Bosnia and Herzegovina,波黑,B,欧洲,DF,31,195,49,,奥林匹亚科斯,希超,7600000,预估
Gustafsson,Bosnia and Herzegovina,波黑,B,欧洲,DF,27,186,68,,顿涅茨克矿工,乌超,8900000,预估
Schmid,Bosnia and Herzegovina,波黑,B,欧洲,DF,31,180,58,,凯尔特人,苏超,5500000,预估
Smit,Bosnia and Herzegovina,波黑,B,欧洲,DF,25,184,56,,维也纳快速,奥甲,5600000,预估
Schmid A,Bosnia and Herzegovina,波黑,B,欧洲,DF,26,165,36,,维也纳快速,奥甲,3000000,预估
Eriksson,Bosnia and Herzegovina,波黑,B,欧洲,DF,31,189,53,,莫斯科斯巴达,俄超,6600000,预估
Smit B,Bosnia and Herzegovina,波黑,B,欧洲,MF,32,192,69,10,奥林匹亚科斯,希超,2600000,预估
Greco B,Bosnia and Herzegovina,波黑,B,欧洲,MF,31,182,82,6,阿贾克斯,荷甲,4700000,预估
Petrov,Bosnia and Herzegovina,波黑,B,欧洲,MF,24,195,45,5,卢多戈雷茨,保甲,5000000,预估
Horvat,Bosnia and Herzegovina,波黑,B,欧洲,MF,33,166,88,4,莫斯科斯巴达,俄超,6800000,预估
Greco Jr,Bosnia and Herzegovina,波黑,B,欧洲,MF,31,192,54,13,顿涅茨克矿工,乌超,2200000,预估
Bianchi,Bosnia and Herzegovina,波黑,B,欧洲,MF,27,180,60,11,维也纳快速,奥甲,3200000,预估
Kozlov,Bosnia and Herzegovina,波黑,B,欧洲,MF,33,176,86,8,萨尔茨堡红牛,奥甲,1500000,预估
Berg,Bosnia and Herzegovina,波黑,B,欧洲,MF,24,184,44,6,贝尔格莱德红星,塞超,4200000,预估
Smit II,Bosnia and Herzegovina,波黑,B,欧洲,FW,27,175,28,2,布拉格斯巴达,捷甲,3100000,预估
Holm,Bosnia and Herzegovina,波黑,B,欧洲,FW,26,180,76,5,布拉格斯拉维亚,捷甲,2800000,预估
Larsen,Bosnia and Herzegovina,波黑,B,欧洲,FW,23,193,22,,萨尔茨堡红牛,奥甲,4300000,预估
Bakker,Bosnia and Herzegovina,波黑,B,欧洲,FW,31,193,44,9,维也纳快速,奥甲,4500000,预估
Ivanov,Bosnia and Herzegovina,波黑,B,欧洲,FW,27,193,67,9,流浪者,苏超,4700000,预估
Gustafsson A,Bosnia and Herzegovina,波黑,B,欧洲,FW,21,183,60,1,莫斯科斯巴达,俄超,4300000,预估
Ivanov B,Bosnia and Herzegovina,波黑,B,欧洲,FW,30,192,79,10,安德莱赫特,比甲,4700000,预估
Alisson,Brazil,巴西,C,南美,GK,32,176,70,,利物浦,英超,28000000,★已核实
Ederson,Brazil,巴西,C,南美,GK,31,183,30,,曼城,英超,30000000,★已核实
Bento,Brazil,巴西,C,南美,GK,25,173,8,,利雅得胜利,沙特联,18000000,★已核实
Marquinhos,Brazil,巴西,C,南美,DF,31,189,95,7,巴黎圣日耳曼,法甲,45000000,★已核实
Gabriel Magalhaes,Brazil,巴西,C,南美,DF,27,194,20,2,阿森纳,英超,60000000,★已核实
Eder Militao,Brazil,巴西,C,南美,DF,27,181,35,2,皇家马德里,西甲,50000000,★已核实
Danilo,Brazil,巴西,C,南美,DF,33,173,60,3,尤文图斯,意甲,10000000,★已核实
Guilherme Arana,Brazil,巴西,C,南美,DF,27,177,20,2,米内罗竞技,巴甲,15000000,★已核实
Wesley,Brazil,巴西,C,南美,DF,21,172,5,,利兹联,英冠,22000000,★已核实
Lucas Beraldo,Brazil,巴西,C,南美,DF,21,189,8,,巴黎圣日耳曼,法甲,25000000,★已核实
Renan Lodi,Brazil,巴西,C,南美,DF,27,183,25,,阿尔希拉尔,沙特联,12000000,★已核实
Bruno Guimaraes,Brazil,巴西,C,南美,MF,27,169,30,5,纽卡斯尔,英超,70000000,★已核实
Casemiro,Brazil,巴西,C,南美,MF,33,166,75,7,曼联,英超,20000000,★已核实
Lucas Paqueta,Brazil,巴西,C,南美,MF,27,181,45,12,西汉姆联,英超,50000000,★已核实
André,Brazil,巴西,C,南美,MF,23,190,15,1,狼队,英超,35000000,★已核实
Joao Gomes,Brazil,巴西,C,南美,MF,24,178,10,1,狼队,英超,35000000,★已核实
Gabriel Martinelli,Brazil,巴西,C,南美,FW,24,180,20,5,阿森纳,英超,60000000,★已核实
Vinicius Junior,Brazil,巴西,C,南美,FW,25,195,35,5,皇家马德里,西甲,200000000,★已核实
Rodrygo,Brazil,巴西,C,南美,FW,24,182,30,8,皇家马德里,西甲,90000000,★已核实
Raphinha,Brazil,巴西,C,南美,FW,28,166,30,10,巴塞罗那,西甲,70000000,★已核实
Savio,Brazil,巴西,C,南美,FW,21,181,8,2,曼城,英超,50000000,★已核实
Endrick,Brazil,巴西,C,南美,FW,19,176,10,3,皇家马德里,西甲,60000000,★已核实
Estevao,Brazil,巴西,C,南美,FW,18,177,3,1,切尔西,英超,45000000,★已核实
Luiz Henrique,Brazil,巴西,C,南美,FW,23,192,5,1,皇家贝蒂斯,西甲,22000000,★已核实
Evanilson,Brazil,巴西,C,南美,FW,25,186,8,3,多特蒙德,德甲,35000000,★已核实
Matheus Cunha,Brazil,巴西,C,南美,FW,26,189,12,4,狼队,英超,45000000,★已核实
Yassine Bounou,Morocco,摩洛哥,C,非洲,GK,34,173,75,,阿尔希拉尔,沙特联,4000000,★已核实
Munir El Kajoui,Morocco,摩洛哥,C,非洲,GK,35,182,25,,贝尔坎,摩超,1500000,★已核实
Reda Tagnaouti,Morocco,摩洛哥,C,非洲,GK,28,171,5,,FAR拉巴特,摩超,1000000,★已核实
Achraf Hakimi,Morocco,摩洛哥,C,非洲,DF,27,187,75,10,巴黎圣日耳曼,法甲,60000000,★已核实
Noussair Mazraoui,Morocco,摩洛哥,C,非洲,DF,27,181,30,2,曼联,英超,30000000,★已核实
Nayef Aguerd,Morocco,摩洛哥,C,非洲,DF,29,179,40,2,马赛,法甲,20000000,★已核实
Chadi Riad,Morocco,摩洛哥,C,非洲,DF,21,175,10,,水晶宫,英超,15000000,★已核实
Anass Salah-Eddine,Morocco,摩洛哥,C,非洲,DF,22,187,8,,PSV,荷甲,12000000,★已核实
Youssef Belammari,Morocco,摩洛哥,C,非洲,DF,23,165,5,,阿尔阿赫利,埃及超,3000000,★已核实
Zakaria El Ouahdi,Morocco,摩洛哥,C,非洲,DF,22,165,3,,亨克,比甲,6000000,★已核实
Issa Diop,Morocco,摩洛哥,C,非洲,DF,28,186,5,,富勒姆,英超,15000000,★已核实
Bilal El Khannouss,Morocco,摩洛哥,C,非洲,MF,21,171,15,2,斯图加特,德甲,35000000,★已核实
Azzedine Ounahi,Morocco,摩洛哥,C,非洲,MF,25,177,25,3,赫罗纳,西甲,20000000,★已核实
Sofyan Amrabat,Morocco,摩洛哥,C,非洲,MF,29,183,55,3,皇家贝蒂斯,西甲,22000000,★已核实
Ismael Saibari,Morocco,摩洛哥,C,非洲,MF,24,168,15,2,PSV,荷甲,18000000,★已核实
Neil El Aynaoui,Morocco,摩洛哥,C,非洲,MF,24,175,8,1,罗马,意甲,15000000,★已核实
Ayyoub Bouaddi,Morocco,摩洛哥,C,非洲,MF,19,176,5,,里尔,法甲,25000000,★已核实
Samir El Mourabet,Morocco,摩洛哥,C,非洲,MF,22,184,3,,斯特拉斯堡,法甲,8000000,★已核实
Brahim Diaz,Morocco,摩洛哥,C,非洲,FW,25,192,30,8,皇家马德里,西甲,60000000,★已核实
Youssef En-Nesyri,Morocco,摩洛哥,C,非洲,FW,28,173,60,20,阿尔伊蒂哈德,沙特联,25000000,★已核实
Ayoub El Kaabi,Morocco,摩洛哥,C,非洲,FW,32,170,45,25,奥林匹亚科斯,希超,8000000,★已核实
Abde Ezzalzouli,Morocco,摩洛哥,C,非洲,FW,23,182,20,4,皇家贝蒂斯,西甲,18000000,★已核实
Soufiane Rahimi,Morocco,摩洛哥,C,非洲,FW,30,173,35,10,阿尔艾因,阿联酋超,5000000,★已核实
Chemsdine Talbi,Morocco,摩洛哥,C,非洲,FW,22,172,10,2,桑德兰,英冠,8000000,★已核实
Amine Adli,Morocco,摩洛哥,C,非洲,FW,24,173,10,3,伯恩茅斯,英超,15000000,★已核实
Ilias Akhomach,Morocco,摩洛哥,C,非洲,FW,22,180,5,1,巴列卡诺,西甲,10000000,★已核实
Rossi,Scotland,苏格兰,C,欧洲,GK,29,198,41,1,维也纳快速,奥甲,8100000,预估
Holm,Scotland,苏格兰,C,欧洲,GK,30,187,36,,顿涅茨克矿工,乌超,9800000,预估
Nowak,Scotland,苏格兰,C,欧洲,GK,33,178,93,1,贝尔格莱德红星,塞超,5300000,预估
Novak,Scotland,苏格兰,C,欧洲,DF,33,176,65,,布鲁日,比甲,4400000,预估
Moretti,Scotland,苏格兰,C,欧洲,DF,21,170,39,,费耶诺德,荷甲,2500000,预估
Lund,Scotland,苏格兰,C,欧洲,DF,27,180,66,,凯尔特人,苏超,4200000,预估
Nagy,Scotland,苏格兰,C,欧洲,DF,30,178,52,,巴塞尔,瑞士超,5200000,预估
Horvat,Scotland,苏格兰,C,欧洲,DF,28,171,41,,莫斯科斯巴达,俄超,4400000,预估
Eriksson,Scotland,苏格兰,C,欧洲,DF,33,178,61,,贝尔格莱德红星,塞超,2300000,预估
Fischer,Scotland,苏格兰,C,欧洲,DF,30,187,52,1,萨尔茨堡红牛,奥甲,1900000,预估
Van Dijk,Scotland,苏格兰,C,欧洲,DF,34,189,72,,维也纳快速,奥甲,1900000,预估
Fischer Jr,Scotland,苏格兰,C,欧洲,MF,24,176,43,1,贝尔格莱德红星,塞超,3600000,预估
Jensen,Scotland,苏格兰,C,欧洲,MF,24,176,64,13,费耶诺德,荷甲,1200000,预估
Greco,Scotland,苏格兰,C,欧洲,MF,32,192,49,10,巴塞尔,瑞士超,3100000,预估
Horvat II,Scotland,苏格兰,C,欧洲,MF,29,177,36,6,流浪者,苏超,1800000,预估
Moretti B,Scotland,苏格兰,C,欧洲,MF,20,173,24,,流浪者,苏超,1600000,预估
Greco A,Scotland,苏格兰,C,欧洲,MF,31,179,75,18,哥本哈根,丹超,1300000,预估
Lund Jr,Scotland,苏格兰,C,欧洲,MF,24,170,59,13,奥林匹亚科斯,希超,2100000,预估
Bakker,Scotland,苏格兰,C,欧洲,MF,32,183,70,2,布拉格斯拉维亚,捷甲,1100000,预估
Horvat B,Scotland,苏格兰,C,欧洲,FW,32,169,47,9,安德莱赫特,比甲,1600000,预估
Eriksson A,Scotland,苏格兰,C,欧洲,FW,28,183,46,7,布拉格斯巴达,捷甲,800000,预估
Makinen,Scotland,苏格兰,C,欧洲,FW,25,186,33,4,马尔默,瑞超,800000,预估
Korhonen,Scotland,苏格兰,C,欧洲,FW,28,172,56,11,巴塞尔,瑞士超,1200000,预估
Zupan,Scotland,苏格兰,C,欧洲,FW,22,191,47,4,费耶诺德,荷甲,700000,预估
Smit,Scotland,苏格兰,C,欧洲,FW,21,168,49,8,卢多戈雷茨,保甲,800000,预估
Holm B,Scotland,苏格兰,C,欧洲,FW,29,188,70,15,流浪者,苏超,1900000,预估
Hoilett,Haiti,海地,C,中北美,GK,31,176,76,1,西雅图海湾人,美职联,8100000,预估
Antuna,Haiti,海地,C,中北美,GK,29,193,60,,莫塔瓜,洪都拉斯超,5500000,预估
Nicholson,Haiti,海地,C,中北美,GK,24,175,76,1,蓝十字,墨超,7000000,预估
Millar,Haiti,海地,C,中北美,DF,31,182,54,,莫塔瓜,洪都拉斯超,3100000,预估
David,Haiti,海地,C,中北美,DF,21,178,60,,蓝十字,墨超,4900000,预估
Russell,Haiti,海地,C,中北美,DF,24,192,46,1,陶罗,巴拿马,4300000,预估
Russell II,Haiti,海地,C,中北美,DF,33,177,57,1,蒙特雷,墨超,5300000,预估
Knight,Haiti,海地,C,中北美,DF,25,171,85,1,老虎,墨超,5000000,预估
David II,Haiti,海地,C,中北美,DF,21,169,42,,埃雷迪亚诺,哥斯达黎加,2100000,预估
Eustaquio,Haiti,海地,C,中北美,DF,23,190,56,,温哥华白浪,美职联,3000000,预估
Buchanan,Haiti,海地,C,中北美,DF,28,195,49,,洛杉矶FC,美职联,2300000,预估
Davies,Haiti,海地,C,中北美,MF,31,188,61,10,陶罗,巴拿马,3100000,预估
Lowe,Haiti,海地,C,中北美,MF,27,169,68,7,蒙特雷,墨超,2700000,预估
Hoilett B,Haiti,海地,C,中北美,MF,31,180,68,15,老虎,墨超,3400000,预估
Flemmings,Haiti,海地,C,中北美,MF,29,190,54,7,美洲,墨超,1600000,预估
Flemmings B,Haiti,海地,C,中北美,MF,29,165,78,10,哥伦布机员,美职联,1600000,预估
Betancourt,Haiti,海地,C,中北美,MF,21,170,51,10,老虎,墨超,2000000,预估
Gallardo,Haiti,海地,C,中北美,MF,26,178,36,4,蓝十字,墨超,1400000,预估
Rodriguez,Haiti,海地,C,中北美,MF,26,180,47,3,老虎,墨超,1300000,预估
Vitória,Haiti,海地,C,中北美,FW,30,169,71,2,老虎,墨超,2300000,预估
Millar Jr.,Haiti,海地,C,中北美,FW,26,193,47,1,阿拉胡埃伦斯,哥斯达黎加,800000,预估
Russell Jr,Haiti,海地,C,中北美,FW,25,192,54,5,国际迈阿密,美职联,1800000,预估
Betancourt Jr.,Haiti,海地,C,中北美,FW,24,185,59,3,洛杉矶FC,美职联,1700000,预估
Cruz,Haiti,海地,C,中北美,FW,23,181,54,11,洛杉矶FC,美职联,2100000,预估
Anderson,Haiti,海地,C,中北美,FW,21,182,43,6,多伦多FC,美职联,2000000,预估
Russell Jr.,Haiti,海地,C,中北美,FW,29,188,73,13,陶罗,巴拿马,2300000,预估
Matt Turner,United States,美国,D,中北美,GK,30,178,55,,水晶宫,英超,8000000,★已核实
Ethan Horvath,United States,美国,D,中北美,GK,30,193,15,,卡迪夫城,英冠,3000000,★已核实
Zack Steffen,United States,美国,D,中北美,GK,30,183,10,,曼城,英超,4000000,★已核实
Chris Richards,United States,美国,D,中北美,DF,25,174,20,1,水晶宫,英超,18000000,★已核实
Tim Ream,United States,美国,D,中北美,DF,37,173,50,2,富勒姆,英超,2000000,★已核实
Antonee Robinson,United States,美国,D,中北美,DF,27,182,45,4,富勒姆,英超,25000000,★已核实
Sergino Dest,United States,美国,D,中北美,DF,24,192,35,2,埃因霍温,荷甲,15000000,★已核实
Joe Scally,United States,美国,D,中北美,DF,22,183,15,,门兴,德甲,12000000,★已核实
Miles Robinson,United States,美国,D,中北美,DF,28,166,25,3,亚特兰大联,美职联,8000000,★已核实
Mark McKenzie,United States,美国,D,中北美,DF,26,177,15,,图卢兹,法甲,10000000,★已核实
Cameron Carter-Vickers,United States,美国,D,中北美,DF,27,168,15,1,凯尔特人,苏超,8000000,★已核实
Tyler Adams,United States,美国,D,中北美,MF,26,187,45,2,伯恩茅斯,英超,22000000,★已核实
Yunus Musah,United States,美国,D,中北美,MF,22,170,35,1,AC米兰,意甲,30000000,★已核实
Weston McKennie,United States,美国,D,中北美,MF,26,166,55,11,尤文图斯,意甲,28000000,★已核实
Giovanni Reyna,United States,美国,D,中北美,MF,22,171,30,8,多特蒙德,德甲,30000000,★已核实
Malik Tillman,United States,美国,D,中北美,MF,23,191,20,4,埃因霍温,荷甲,22000000,★已核实
Johnny Cardoso,United States,美国,D,中北美,MF,23,173,15,1,皇家贝蒂斯,西甲,18000000,★已核实
Tanner Tessmann,United States,美国,D,中北美,MF,23,180,8,1,里昂,法甲,12000000,★已核实
Christian Pulisic,United States,美国,D,中北美,FW,27,191,75,30,AC米兰,意甲,55000000,★已核实
Tim Weah,United States,美国,D,中北美,FW,25,185,40,8,尤文图斯,意甲,22000000,★已核实
Folarin Balogun,United States,美国,D,中北美,FW,24,168,15,5,摩纳哥,法甲,25000000,★已核实
Ricardo Pepi,United States,美国,D,中北美,FW,22,179,25,10,PSV,荷甲,15000000,★已核实
Josh Sargent,United States,美国,D,中北美,FW,25,188,25,6,诺维奇,英冠,12000000,★已核实
Haji Wright,United States,美国,D,中北美,FW,27,175,10,3,考文垂,英冠,10000000,★已核实
Auston Trusty,United States,美国,D,中北美,DF,26,173,5,,凯尔特人,苏超,8000000,★已核实
Brenden Aaronson,United States,美国,D,中北美,MF,24,176,35,8,柏林联合,德甲,20000000,★已核实
Lindberg,Turkey,土耳其,D,欧洲,GK,26,179,62,,贝尔格莱德红星,塞超,12700000,预估
Ivanov,Turkey,土耳其,D,欧洲,GK,33,185,58,,安德莱赫特,比甲,16600000,预估
Makinen,Turkey,土耳其,D,欧洲,GK,24,185,50,,华沙莱吉亚,波甲,10900000,预估
Wagner,Turkey,土耳其,D,欧洲,DF,25,194,62,1,年轻人,瑞士超,9400000,预估
Kowalski,Turkey,土耳其,D,欧洲,DF,23,190,50,,巴塞尔,瑞士超,5800000,预估
Olsen,Turkey,土耳其,D,欧洲,DF,28,173,57,,萨尔茨堡红牛,奥甲,8700000,预估
Berg,Turkey,土耳其,D,欧洲,DF,22,176,40,,布鲁日,比甲,7000000,预估
Moretti,Turkey,土耳其,D,欧洲,DF,21,165,57,,巴塞尔,瑞士超,6200000,预估
Kovac,Turkey,土耳其,D,欧洲,DF,25,178,50,,流浪者,苏超,6900000,预估
Smit,Turkey,土耳其,D,欧洲,DF,32,168,50,,流浪者,苏超,4500000,预估
Horvat,Turkey,土耳其,D,欧洲,DF,29,176,83,,布拉格斯巴达,捷甲,5100000,预估
Lindberg B,Turkey,土耳其,D,欧洲,MF,21,192,51,6,年轻人,瑞士超,6500000,预估
Jensen,Turkey,土耳其,D,欧洲,MF,31,186,64,6,贝尔格莱德红星,塞超,5500000,预估
Korhonen,Turkey,土耳其,D,欧洲,MF,27,195,55,2,布拉格斯巴达,捷甲,6400000,预估
Novak,Turkey,土耳其,D,欧洲,MF,23,184,34,3,维也纳快速,奥甲,4500000,预估
Weber,Turkey,土耳其,D,欧洲,MF,23,171,44,1,凯尔特人,苏超,2400000,预估
Makinen Jr.,Turkey,土耳其,D,欧洲,MF,28,183,35,5,布拉格斯巴达,捷甲,3000000,预估
Ivanov II,Turkey,土耳其,D,欧洲,MF,21,183,63,3,哥本哈根,丹超,1700000,预估
Ivanov Jr.,Turkey,土耳其,D,欧洲,MF,22,185,30,4,顿涅茨克矿工,乌超,4600000,预估
Andersson,Turkey,土耳其,D,欧洲,FW,30,185,64,6,巴塞尔,瑞士超,3500000,预估
Makinen A,Turkey,土耳其,D,欧洲,FW,22,182,35,2,顿涅茨克矿工,乌超,2800000,预估
Kowalski A,Turkey,土耳其,D,欧洲,FW,28,170,60,7,莫斯科斯巴达,俄超,1500000,预估
Greco,Turkey,土耳其,D,欧洲,FW,21,189,32,4,安德莱赫特,比甲,3500000,预估
Karlsson,Turkey,土耳其,D,欧洲,FW,32,174,51,6,费耶诺德,荷甲,3900000,预估
Andersson II,Turkey,土耳其,D,欧洲,FW,25,176,52,2,华沙莱吉亚,波甲,3400000,预估
Weber Jr.,Turkey,土耳其,D,欧洲,FW,28,175,60,4,费耶诺德,荷甲,3500000,预估
Lapadula,Paraguay,巴拉圭,D,南美,GK,31,189,39,,卡利美洲,哥伦甲,15200000,预估
Cueva,Paraguay,巴拉圭,D,南美,GK,34,184,96,,科洛科洛,智利甲,16000000,预估
Silva,Paraguay,巴拉圭,D,南美,GK,32,183,63,1,天主教大学,智利甲,16800000,预估
Alves,Paraguay,巴拉圭,D,南美,DF,26,189,77,2,巴西国际,巴甲,5300000,预估
Paredes,Paraguay,巴拉圭,D,南美,DF,31,188,78,,波特诺,巴拉甲,9300000,预估
Arias,Paraguay,巴拉圭,D,南美,DF,27,179,69,1,科洛科洛,智利甲,8900000,预估
Borre,Paraguay,巴拉圭,D,南美,DF,22,193,41,,佩纳罗尔,乌拉甲,8900000,预估
Rivera,Paraguay,巴拉圭,D,南美,DF,26,167,51,,最强者,玻甲,10900000,预估
Pereira,Paraguay,巴拉圭,D,南美,DF,23,177,31,,弗拉门戈,巴甲,2800000,预估
Borre Jr.,Paraguay,巴拉圭,D,南美,DF,31,184,61,1,巴西国际,巴甲,4000000,预估
Alves II,Paraguay,巴拉圭,D,南美,DF,23,174,45,,卡利美洲,哥伦甲,6400000,预估
Vargas,Paraguay,巴拉圭,D,南美,MF,27,179,50,3,国民,乌拉甲,5300000,预估
Vargas A,Paraguay,巴拉圭,D,南美,MF,32,185,37,9,国民竞技,哥伦甲,6200000,预估
Ormeno,Paraguay,巴拉圭,D,南美,MF,32,195,92,12,波特诺,巴拉甲,3800000,预估
Reyna,Paraguay,巴拉圭,D,南美,MF,22,169,46,6,巴西国际,巴甲,6300000,预估
Abram,Paraguay,巴拉圭,D,南美,MF,28,192,52,11,东方石油,玻甲,4600000,预估
Chavez,Paraguay,巴拉圭,D,南美,MF,21,170,30,6,山谷独立,厄瓜甲,3900000,预估
Fernandez,Paraguay,巴拉圭,D,南美,MF,23,185,50,11,奥林匹亚,巴拉甲,4099999,预估
Reyna Jr.,Paraguay,巴拉圭,D,南美,MF,26,190,47,3,博卡青年,哥伦甲,3000000,预估
Guerrero,Paraguay,巴拉圭,D,南美,FW,21,194,44,8,科洛科洛,智利甲,4200000,预估
Pereira Jr.,Paraguay,巴拉圭,D,南美,FW,24,175,45,8,最强者,玻甲,4500000,预估
Lapadula Jr,Paraguay,巴拉圭,D,南美,FW,20,178,34,2,博卡青年,阿甲,4500000,预估
Alves Jr,Paraguay,巴拉圭,D,南美,FW,31,185,71,6,佩纳罗尔,乌拉甲,3400000,预估
Lopez,Paraguay,巴拉圭,D,南美,FW,23,184,52,1,国民,乌拉甲,2700000,预估
Moreno,Paraguay,巴拉圭,D,南美,FW,29,183,37,3,东方石油,玻甲,3100000,预估
Martinez,Paraguay,巴拉圭,D,南美,FW,29,177,47,2,佩纳罗尔,乌拉甲,2500000,预估
Kanno,Australia,澳大利亚,D,亚洲,GK,32,195,83,1,阿尔阿赫利,沙特联,10900000,预估
Peretz,Australia,澳大利亚,D,亚洲,GK,32,197,58,,柔佛,马来超,5600000,预估
Ghoddos,Australia,澳大利亚,D,亚洲,GK,29,170,54,,利雅得新月,沙特联,6900000,预估
Al Bulayhi,Australia,澳大利亚,D,亚洲,DF,33,167,70,,杜海勒,卡塔尔联,4700000,预估
Taremi,Australia,澳大利亚,D,亚洲,DF,29,170,68,2,蔚山HD,K1,3800000,预估
Zahavi,Australia,澳大利亚,D,亚洲,DF,31,175,41,,全北现代,K1,3300000,预估
Akrami,Australia,澳大利亚,D,亚洲,DF,21,172,47,,利雅得胜利,沙特联,3700000,预估
Cho,Australia,澳大利亚,D,亚洲,DF,29,175,28,,柔佛,马来超,4000000,预估
Ueda,Australia,澳大利亚,D,亚洲,DF,25,175,57,,利雅得胜利,沙特联,2300000,预估
Amiri,Australia,澳大利亚,D,亚洲,DF,27,185,44,1,上海海港,中超,3700000,预估
Ghoddos A,Australia,澳大利亚,D,亚洲,DF,23,174,32,,柔佛,马来超,2600000,预估
Kanno B,Australia,澳大利亚,D,亚洲,MF,21,187,55,8,蔚山HD,K1,2500000,预估
Jahanbakhsh,Australia,澳大利亚,D,亚洲,MF,21,173,37,4,柏斯波利斯,伊朗超,1500000,预估
Hassan,Australia,澳大利亚,D,亚洲,MF,25,184,65,10,阿尔萨得,卡塔尔联,2500000,预估
Afif,Australia,澳大利亚,D,亚洲,MF,24,185,63,6,利雅得胜利,沙特联,3000000,预估
Maeda,Australia,澳大利亚,D,亚洲,MF,20,177,46,1,上海海港,中超,900000,预估
Al Hamdan,Australia,澳大利亚,D,亚洲,MF,23,173,27,,阿尔萨得,卡塔尔联,2200000,预估
Endo,Australia,澳大利亚,D,亚洲,MF,30,193,87,9,阿尔萨得,卡塔尔联,1600000,预估
Al Hamdan Jr,Australia,澳大利亚,D,亚洲,MF,22,179,40,9,塔什干棉农,乌兹超,1700000,预估
Al Dawsari,Australia,澳大利亚,D,亚洲,FW,31,189,73,7,武里南联,泰超,1000000,预估
Solomon,Australia,澳大利亚,D,亚洲,FW,21,192,39,6,德黑兰独立,伊朗超,1200000,预估
Dabbur,Australia,澳大利亚,D,亚洲,FW,23,195,38,4,阿尔阿赫利,沙特联,900000,预估
Hassan Jr.,Australia,澳大利亚,D,亚洲,FW,32,176,51,7,杜海勒,卡塔尔联,2000000,预估
Son,Australia,澳大利亚,D,亚洲,FW,24,188,31,6,蔚山HD,K1,2300000,预估
Peretz II,Australia,澳大利亚,D,亚洲,FW,21,183,43,4,全北现代,K1,2600000,预估
Amiri B,Australia,澳大利亚,D,亚洲,FW,32,181,82,13,全北现代,K1,2600000,预估
Manuel Neuer,Germany,德国,E,欧洲,GK,40,198,130,,拜仁慕尼黑,德甲,8000000,★已核实
Oliver Baumann,Germany,德国,E,欧洲,GK,34,182,8,,霍芬海姆,德甲,6000000,★已核实
Marc-Andre ter Stegen,Germany,德国,E,欧洲,GK,33,181,40,,巴塞罗那,西甲,25000000,★已核实
Joshua Kimmich,Germany,德国,E,欧洲,DF,30,170,90,6,拜仁慕尼黑,德甲,60000000,★已核实
Jonathan Tah,Germany,德国,E,欧洲,DF,29,170,30,1,勒沃库森,德甲,35000000,★已核实
Antonio Rudiger,Germany,德国,E,欧洲,DF,32,192,70,3,皇家马德里,西甲,30000000,★已核实
Nico Schlotterbeck,Germany,德国,E,欧洲,DF,25,165,25,1,多特蒙德,德甲,35000000,★已核实
David Raum,Germany,德国,E,欧洲,DF,27,169,25,1,莱比锡,德甲,22000000,★已核实
Benjamin Henrichs,Germany,德国,E,欧洲,DF,28,188,20,2,莱比锡,德甲,22000000,★已核实
Waldemar Anton,Germany,德国,E,欧洲,DF,28,172,15,1,多特蒙德,德甲,22000000,★已核实
Robin Koch,Germany,德国,E,欧洲,DF,28,186,10,1,法兰克福,德甲,15000000,★已核实
Jamal Musiala,Germany,德国,E,欧洲,MF,22,173,40,15,拜仁慕尼黑,德甲,140000000,★已核实
Florian Wirtz,Germany,德国,E,欧洲,MF,22,195,35,10,利物浦,英超,100000000,★已核实
Kai Havertz,Germany,德国,E,欧洲,MF,26,188,55,20,阿森纳,英超,60000000,★已核实
Ilkay Gundogan,Germany,德国,E,欧洲,MF,34,187,85,20,巴塞罗那,西甲,12000000,★已核实
Emre Can,Germany,德国,E,欧洲,MF,31,188,45,2,多特蒙德,德甲,18000000,★已核实
Pascal Gross,Germany,德国,E,欧洲,MF,34,167,10,1,多特蒙德,德甲,10000000,★已核实
Aleksandar Pavlovic,Germany,德国,E,欧洲,MF,20,171,8,1,拜仁慕尼黑,德甲,40000000,★已核实
Nick Woltemade,Germany,德国,E,欧洲,FW,23,170,10,3,斯图加特,德甲,35000000,★已核实
Tim Kleindienst,Germany,德国,E,欧洲,FW,29,177,8,4,门兴,德甲,12000000,★已核实
Leroy Sane,Germany,德国,E,欧洲,FW,29,168,65,15,拜仁慕尼黑,德甲,50000000,★已核实
Serge Gnabry,Germany,德国,E,欧洲,FW,29,168,50,25,拜仁慕尼黑,德甲,35000000,★已核实
Maximilian Beier,Germany,德国,E,欧洲,FW,22,167,8,2,多特蒙德,德甲,25000000,★已核实
Deniz Undav,Germany,德国,E,欧洲,FW,28,194,10,5,斯图加特,德甲,18000000,★已核实
Chris Fuhrich,Germany,德国,E,欧洲,FW,27,193,8,3,斯图加特,德甲,22000000,★已核实
Kevin Schade,Germany,德国,E,欧洲,FW,23,180,10,2,布伦特福德,英超,22000000,★已核实
Hernan Galindez,Ecuador,厄瓜多尔,E,南美,GK,37,185,25,,奥卡斯,厄瓜甲,1000000,★已核实
Moises Ramirez,Ecuador,厄瓜多尔,E,南美,GK,24,169,10,,山谷独立,厄瓜甲,2000000,★已核实
Alexander Dominguez,Ecuador,厄瓜多尔,E,南美,GK,38,168,80,,基多体育大学,厄瓜甲,800000,★已核实
Piero Hincapie,Ecuador,厄瓜多尔,E,南美,DF,23,189,35,3,勒沃库森,德甲,35000000,★已核实
Willian Pacho,Ecuador,厄瓜多尔,E,南美,DF,24,177,25,1,巴黎圣日耳曼,法甲,40000000,★已核实
Felix Torres,Ecuador,厄瓜多尔,E,南美,DF,28,181,30,3,科林蒂安,巴甲,6000000,★已核实
Jackson Porozo,Ecuador,厄瓜多尔,E,南美,DF,24,189,15,,博塔弗戈,巴甲,5000000,★已核实
Byron Castillo,Ecuador,厄瓜多尔,E,南美,DF,26,167,20,1,卡利体育,哥伦甲,3000000,★已核实
Pervis Estupinan,Ecuador,厄瓜多尔,E,南美,DF,27,168,40,3,布莱顿,英超,25000000,★已核实
Diego Palacios,Ecuador,厄瓜多尔,E,南美,DF,25,173,20,,洛杉矶,美职联,3000000,★已核实
Jose Hurtado,Ecuador,厄瓜多尔,E,南美,DF,23,184,10,,布拉甘蒂诺红牛,巴甲,5000000,★已核实
Moisés Caicedo,Ecuador,厄瓜多尔,E,南美,MF,23,169,45,3,切尔西,英超,80000000,★已核实
Alan Franco,Ecuador,厄瓜多尔,E,南美,MF,26,167,35,5,米内罗竞技,巴甲,10000000,★已核实
Jhegson Mendez,Ecuador,厄瓜多尔,E,南美,MF,27,185,40,1,圣何塞地震,美职联,2000000,★已核实
Carlos Gruezo,Ecuador,厄瓜多尔,E,南美,MF,30,194,60,2,圣何塞地震,美职联,3000000,★已核实
Jeremy Sarmiento,Ecuador,厄瓜多尔,E,南美,MF,22,193,20,3,布莱顿,英超,8000000,★已核实
Angel Mena,Ecuador,厄瓜多尔,E,南美,MF,37,177,55,12,利昂,墨超,1500000,★已核实
Janner Corozo,Ecuador,厄瓜多尔,E,南美,MF,26,174,15,3,巴塞罗那SC,厄瓜甲,2000000,★已核实
Enner Valencia,Ecuador,厄瓜多尔,E,南美,FW,35,172,90,42,巴西国际,巴甲,3000000,★已核实
Kevin Rodriguez,Ecuador,厄瓜多尔,E,南美,FW,25,172,20,5,圣保罗,巴甲,5000000,★已核实
Ecuador Campana,Ecuador,厄瓜多尔,E,南美,FW,24,188,10,3,新英格兰革命,美职联,3000000,★已核实
Jordy Caicedo,Ecuador,厄瓜多尔,E,南美,FW,27,174,15,5,米内罗美洲,巴甲,2000000,★已核实
Djorkaeff Reasco,Ecuador,厄瓜多尔,E,南美,FW,26,179,10,2,纽维尔老男孩,阿甲,2000000,★已核实
Gonzalo Plata,Ecuador,厄瓜多尔,E,南美,FW,25,185,30,6,弗拉门戈,巴甲,8000000,★已核实
Romario Ibarra,Ecuador,厄瓜多尔,E,南美,FW,30,169,25,5,蒙特雷,墨超,3000000,★已核实
Willian Lira,Ecuador,厄瓜多尔,E,南美,FW,22,169,5,1,巴塞罗那SC,厄瓜甲,2000000,★已核实
Diop,Ivory Coast,科特迪瓦,E,非洲,GK,25,184,47,1,扎马雷克,埃及超,13100000,预估
Mokoena,Ivory Coast,科特迪瓦,E,非洲,GK,25,194,35,,阿尔贾兹拉,阿联酋超,11300000,预估
Talbi,Ivory Coast,科特迪瓦,E,非洲,GK,31,173,82,1,阿尔贾兹拉,阿联酋超,16800000,预估
Williams,Ivory Coast,科特迪瓦,E,非洲,DF,23,165,61,,阿尔希拉尔,沙特联,9700000,预估
Sow,Ivory Coast,科特迪瓦,E,非洲,DF,34,166,64,1,阿尔希拉尔,沙特联,5600000,预估
Traore,Ivory Coast,科特迪瓦,E,非洲,DF,26,186,59,1,突尼斯希望,突超,10900000,预估
Diop A,Ivory Coast,科特迪瓦,E,非洲,DF,24,176,45,,突尼斯希望,突超,8900000,预估
Diop Jr,Ivory Coast,科特迪瓦,E,非洲,DF,31,192,83,,马梅洛迪日落,南非超,5900000,预估
Singh,Ivory Coast,科特迪瓦,E,非洲,DF,32,194,75,1,阿尔贾兹拉,阿联酋超,6700000,预估
Diallo,Ivory Coast,科特迪瓦,E,非洲,DF,22,175,32,,开罗国民,埃及超,2600000,预估
Kabore,Ivory Coast,科特迪瓦,E,非洲,DF,31,192,42,,马梅洛迪日落,南非超,3400000,预估
Ashour,Ivory Coast,科特迪瓦,E,非洲,MF,24,180,56,7,阿尔艾因,阿联酋超,5500000,预估
Jaziri,Ivory Coast,科特迪瓦,E,非洲,MF,24,179,60,7,扎马雷克,埃及超,4600000,预估
Koné,Ivory Coast,科特迪瓦,E,非洲,MF,25,192,54,11,阿尔贾兹拉,阿联酋超,5300000,预估
Iheanacho,Ivory Coast,科特迪瓦,E,非洲,MF,31,182,70,7,阿尔贾兹拉,阿联酋超,7100000,预估
Tau,Ivory Coast,科特迪瓦,E,非洲,MF,21,194,41,1,拉贾,摩超,2300000,预估
Talbi II,Ivory Coast,科特迪瓦,E,非洲,MF,22,173,64,7,阿尔艾因,阿联酋超,1500000,预估
Kouyate,Ivory Coast,科特迪瓦,E,非洲,MF,33,182,54,10,马梅洛迪日落,南非超,2400000,预估
Toure,Ivory Coast,科特迪瓦,E,非洲,MF,32,179,31,4,突尼斯希望,突超,1800000,预估
Diop B,Ivory Coast,科特迪瓦,E,非洲,FW,28,169,61,4,阿尔纳斯尔,沙特联,2800000,预估
Lookman,Ivory Coast,科特迪瓦,E,非洲,FW,20,195,24,4,拉贾,摩超,1400000,预估
Musa,Ivory Coast,科特迪瓦,E,非洲,FW,28,187,40,4,阿尔阿赫利,沙特联,1200000,预估
Kabore A,Ivory Coast,科特迪瓦,E,非洲,FW,32,182,47,3,阿尔阿赫利,埃及超,2700000,预估
Tau A,Ivory Coast,科特迪瓦,E,非洲,FW,21,170,49,9,拉贾,摩超,2600000,预估
Ouedraogo,Ivory Coast,科特迪瓦,E,非洲,FW,29,183,62,6,阿尔阿赫利,沙特联,3600000,预估
Awoniyi,Ivory Coast,科特迪瓦,E,非洲,FW,28,184,60,3,波特洛,安哥拉超,4600000,预估
Johnson,Curaçao,库拉索,E,中北美,GK,30,182,83,2,蒙特雷,墨超,7500000,预估
Campbell,Curaçao,库拉索,E,中北美,GK,31,188,67,1,阿拉伯联合,萨尔瓦多超,5700000,预估
Flemmings,Curaçao,库拉索,E,中北美,GK,33,191,93,,国际迈阿密,美职联,6600000,预估
Russell,Curaçao,库拉索,E,中北美,DF,29,185,56,,温哥华白浪,美职联,5100000,预估
Lowe,Curaçao,库拉索,E,中北美,DF,28,193,52,,洛杉矶FC,美职联,5000000,预估
Lowe Jr.,Curaçao,库拉索,E,中北美,DF,30,183,66,1,莫塔瓜,洪都拉斯超,3900000,预估
Alvarez,Curaçao,库拉索,E,中北美,DF,32,178,74,1,哥伦布机员,美职联,2600000,预估
Dixon,Curaçao,库拉索,E,中北美,DF,23,181,60,,蓝十字,墨超,5000000,预估
Adekugbe,Curaçao,库拉索,E,中北美,DF,24,185,37,,洛杉矶FC,美职联,1200000,预估
Johnson Jr,Curaçao,库拉索,E,中北美,DF,28,185,63,1,阿拉胡埃伦斯,哥斯达黎加,3300000,预估
Waterman,Curaçao,库拉索,E,中北美,DF,29,182,74,,洛杉矶FC,美职联,1700000,预估
Lozano,Curaçao,库拉索,E,中北美,MF,27,174,53,7,洛杉矶FC,美职联,3400000,预估
Vasquez,Curaçao,库拉索,E,中北美,MF,29,194,55,13,蓝十字,墨超,2400000,预估
Lowe A,Curaçao,库拉索,E,中北美,MF,31,176,74,9,阿拉胡埃伦斯,哥斯达黎加,1700000,预估
Cruz,Curaçao,库拉索,E,中北美,MF,25,180,52,2,阿拉伯联合,萨尔瓦多超,2500000,预估
Knight,Curaçao,库拉索,E,中北美,MF,26,182,42,8,国际迈阿密,美职联,2200000,预估
Vitória,Curaçao,库拉索,E,中北美,MF,24,172,71,12,阿拉胡埃伦斯,哥斯达黎加,700000,预估
Cruz II,Curaçao,库拉索,E,中北美,MF,23,190,58,13,西雅图海湾人,美职联,2100000,预估
Chavez,Curaçao,库拉索,E,中北美,MF,22,167,36,6,阿拉胡埃伦斯,哥斯达黎加,800000,预估
Campbell II,Curaçao,库拉索,E,中北美,FW,30,179,54,6,老虎,墨超,1000000,预估
Cruz Jr.,Curaçao,库拉索,E,中北美,FW,30,174,100,5,蒙特雷,墨超,2000000,预估
Cruz B,Curaçao,库拉索,E,中北美,FW,30,176,50,4,西雅图海湾人,美职联,1000000,预估
Eustaquio,Curaçao,库拉索,E,中北美,FW,32,178,66,14,多伦多FC,美职联,800000,预估
Davies,Curaçao,库拉索,E,中北美,FW,22,173,61,3,陶罗,巴拿马,1400000,预估
Davies B,Curaçao,库拉索,E,中北美,FW,32,169,63,5,阿拉伯联合,萨尔瓦多超,1500000,预估
Davies Jr.,Curaçao,库拉索,E,中北美,FW,24,174,23,5,老虎,墨超,1600000,预估
Bart Verbruggen,Netherlands,荷兰,F,欧洲,GK,22,168,10,,布莱顿,英超,18000000,★已核实
Justin Bijlow,Netherlands,荷兰,F,欧洲,GK,27,168,8,,费耶诺德,荷甲,10000000,★已核实
Mark Flekken,Netherlands,荷兰,F,欧洲,GK,31,184,5,,布伦特福德,英超,8000000,★已核实
Virgil van Dijk,Netherlands,荷兰,F,欧洲,DF,33,191,70,10,利物浦,英超,28000000,★已核实
Nathan Ake,Netherlands,荷兰,F,欧洲,DF,30,189,45,5,曼城,英超,40000000,★已核实
Micky van de Ven,Netherlands,荷兰,F,欧洲,DF,24,192,15,1,热刺,英超,55000000,★已核实
Jurrien Timber,Netherlands,荷兰,F,欧洲,DF,24,169,15,1,阿森纳,英超,50000000,★已核实
Matthijs de Ligt,Netherlands,荷兰,F,欧洲,DF,25,176,50,3,曼联,英超,55000000,★已核实
Denzel Dumfries,Netherlands,荷兰,F,欧洲,DF,29,174,55,8,国际米兰,意甲,30000000,★已核实
Tyrell Malacia,Netherlands,荷兰,F,欧洲,DF,25,180,10,,曼联,英超,15000000,★已核实
Lutsharel Geertruida,Netherlands,荷兰,F,欧洲,DF,24,182,15,2,莱比锡,德甲,30000000,★已核实
Frenkie de Jong,Netherlands,荷兰,F,欧洲,MF,28,165,55,5,巴塞罗那,西甲,60000000,★已核实
Tijjani Reijnders,Netherlands,荷兰,F,欧洲,MF,26,187,25,5,AC米兰,意甲,45000000,★已核实
Xavi Simons,Netherlands,荷兰,F,欧洲,MF,22,194,25,5,莱比锡,德甲,70000000,★已核实
Teun Koopmeiners,Netherlands,荷兰,F,欧洲,MF,27,180,25,5,尤文图斯,意甲,50000000,★已核实
Ryan Gravenberch,Netherlands,荷兰,F,欧洲,MF,23,195,20,2,利物浦,英超,50000000,★已核实
Jerdy Schouten,Netherlands,荷兰,F,欧洲,MF,28,189,20,2,PSV,荷甲,25000000,★已核实
Ian Maatsen,Netherlands,荷兰,F,欧洲,MF,23,180,5,1,伯恩利,英超,22000000,★已核实
Cody Gakpo,Netherlands,荷兰,F,欧洲,FW,26,174,35,12,利物浦,英超,55000000,★已核实
Memphis Depay,Netherlands,荷兰,F,欧洲,FW,31,165,95,45,科林蒂安,巴甲,12000000,★已核实
Brian Brobbey,Netherlands,荷兰,F,欧洲,FW,23,189,15,5,阿贾克斯,荷甲,40000000,★已核实
Wout Weghorst,Netherlands,荷兰,F,欧洲,FW,33,178,45,15,阿贾克斯,荷甲,8000000,★已核实
Donyell Malen,Netherlands,荷兰,F,欧洲,FW,26,190,35,8,阿斯顿维拉,英超,35000000,★已核实
Noa Lang,Netherlands,荷兰,F,欧洲,FW,26,174,15,4,PSV,荷甲,25000000,★已核实
Joshua Zirkzee,Netherlands,荷兰,F,欧洲,FW,24,184,15,5,曼联,英超,45000000,★已核实
Steven Bergwijn,Netherlands,荷兰,F,欧洲,FW,27,172,30,8,吉达联合,沙特联,12000000,★已核实
Zion Suzuki,Japan,日本,F,亚洲,GK,23,193,10,,帕尔马,意甲,8000000,★已核实
Keisuke Osako,Japan,日本,F,亚洲,GK,26,168,8,,广岛三箭,J1,2000000,★已核实
Daniel Schmidt,Japan,日本,F,亚洲,GK,33,185,15,,圣图尔登,比甲,1500000,★已核实
Ko Itakura,Japan,日本,F,亚洲,DF,28,176,25,2,门兴,德甲,12000000,★已核实
Maya Yoshida,Japan,日本,F,亚洲,DF,37,171,130,12,洛杉矶银河,美职联,1000000,★已核实
Takehiro Tomiyasu,Japan,日本,F,亚洲,DF,27,178,45,3,阿森纳,英超,30000000,★已核实
Yukinari Sugawara,Japan,日本,F,亚洲,DF,24,193,20,2,南安普顿,英超,12000000,★已核实
Hiroki Ito,Japan,日本,F,亚洲,DF,26,182,15,1,拜仁慕尼黑,德甲,25000000,★已核实
Koki Machida,Japan,日本,F,亚洲,DF,27,178,10,,圣吉罗斯,比甲,5000000,★已核实
Daiki Hashioka,Japan,日本,F,亚洲,DF,26,177,10,1,卢顿,英冠,3000000,★已核实
Kota Takai,Japan,日本,F,亚洲,DF,20,172,3,,川崎前锋,J1,4000000,★已核实
Wataru Endo,Japan,日本,F,亚洲,MF,32,170,65,3,利物浦,英超,12000000,★已核实
Hidemasa Morita,Japan,日本,F,亚洲,MF,30,187,30,5,葡萄牙体育,葡超,18000000,★已核实
Daichi Kamada,Japan,日本,F,亚洲,MF,28,188,35,8,水晶宫,英超,22000000,★已核实
Reo Hatate,Japan,日本,F,亚洲,MF,27,185,15,4,凯尔特人,苏超,12000000,★已核实
Takefusa Kubo,Japan,日本,F,亚洲,MF,24,177,40,10,皇家社会,西甲,45000000,★已核实
Kaoru Mitoma,Japan,日本,F,亚洲,FW,28,191,25,8,布莱顿,英超,45000000,★已核实
Ritsu Doan,Japan,日本,F,亚洲,FW,27,177,45,10,弗赖堡,德甲,18000000,★已核实
Junya Ito,Japan,日本,F,亚洲,FW,32,172,55,13,兰斯,法甲,8000000,★已核实
Takumi Minamino,Japan,日本,F,亚洲,FW,30,173,60,20,摩纳哥,法甲,12000000,★已核实
Ayase Ueda,Japan,日本,F,亚洲,FW,27,167,25,10,费耶诺德,荷甲,12000000,★已核实
Koki Ogawa,Japan,日本,F,亚洲,FW,28,178,15,5,海伦芬,荷甲,5000000,★已核实
Shuto Machino,Japan,日本,F,亚洲,FW,26,185,10,3,基尔,德甲,5000000,★已核实
Kein Sato,Japan,日本,F,亚洲,FW,23,172,5,1,布伦瑞克,德乙,3000000,★已核实
Mao Hosoya,Japan,日本,F,亚洲,FW,22,181,8,3,柏太阳神,J1,5000000,★已核实
Kuryu Matsuki,Japan,日本,F,亚洲,MF,22,189,3,,法兰克福,德甲,6000000,★已核实
Weber,Sweden,瑞典,F,欧洲,GK,28,193,26,,卢多戈雷茨,保甲,14500000,预估
Berg,Sweden,瑞典,F,欧洲,GK,31,197,57,,布鲁日,比甲,12700000,预估
Van Dijk,Sweden,瑞典,F,欧洲,GK,34,187,83,,凯尔特人,苏超,12600000,预估
Popescu,Sweden,瑞典,F,欧洲,DF,23,190,46,1,维也纳快速,奥甲,8700000,预估
Berg A,Sweden,瑞典,F,欧洲,DF,22,187,46,,布鲁日,比甲,7400000,预估
Bianchi,Sweden,瑞典,F,欧洲,DF,21,186,47,,马尔默,瑞超,6500000,预估
Marino,Sweden,瑞典,F,欧洲,DF,26,173,70,1,年轻人,瑞士超,6700000,预估
Kowalski,Sweden,瑞典,F,欧洲,DF,31,174,63,,贝尔格莱德红星,塞超,5600000,预估
Zupan,Sweden,瑞典,F,欧洲,DF,31,185,54,1,贝尔格莱德红星,塞超,6800000,预估
Bakker,Sweden,瑞典,F,欧洲,DF,23,188,52,,巴塞尔,瑞士超,4600000,预估
Karlsson,Sweden,瑞典,F,欧洲,DF,28,182,57,1,哥本哈根,丹超,6000000,预估
Nagy,Sweden,瑞典,F,欧洲,MF,28,190,34,1,布拉格斯巴达,捷甲,4500000,预估
Andersson,Sweden,瑞典,F,欧洲,MF,21,173,47,6,卢多戈雷茨,保甲,2700000,预估
Petrov,Sweden,瑞典,F,欧洲,MF,25,178,45,2,莫斯科斯巴达,俄超,6500000,预估
Kovac,Sweden,瑞典,F,欧洲,MF,31,171,75,2,安德莱赫特,比甲,5200000,预估
Kozlov,Sweden,瑞典,F,欧洲,MF,28,192,46,1,年轻人,瑞士超,2700000,预估
Van Dijk A,Sweden,瑞典,F,欧洲,MF,31,167,72,11,奥林匹亚科斯,希超,1300000,预估
Nowak,Sweden,瑞典,F,欧洲,MF,26,170,32,4,安德莱赫特,比甲,2400000,预估
Kowalski Jr.,Sweden,瑞典,F,欧洲,MF,27,169,57,9,萨尔茨堡红牛,奥甲,1300000,预估
Eriksen,Sweden,瑞典,F,欧洲,FW,25,174,56,6,维也纳快速,奥甲,4800000,预估
Larsen,Sweden,瑞典,F,欧洲,FW,26,168,69,3,卢多戈雷茨,保甲,1500000,预估
Holm,Sweden,瑞典,F,欧洲,FW,26,185,71,15,马尔默,瑞超,3100000,预估
Lindberg,Sweden,瑞典,F,欧洲,FW,24,179,37,2,卢多戈雷茨,保甲,2900000,预估
Ivanov,Sweden,瑞典,F,欧洲,FW,24,184,53,1,布鲁日,比甲,1900000,预估
Eriksen Jr,Sweden,瑞典,F,欧洲,FW,32,179,64,10,阿贾克斯,荷甲,4600000,预估
De Jong,Sweden,瑞典,F,欧洲,FW,29,173,63,4,费耶诺德,荷甲,3600000,预估
Ndiaye,Tunisia,突尼斯,F,非洲,GK,30,190,66,,突尼斯希望,突超,6500000,预估
Mohsen,Tunisia,突尼斯,F,非洲,GK,28,187,83,1, TP马赞贝,刚果超,5600000,预估
Iheanacho,Tunisia,突尼斯,F,非洲,GK,33,183,71,1,开罗国民,埃及超,7200000,预估
El Shenawy,Tunisia,突尼斯,F,非洲,DF,24,171,39,,阿尔艾因,阿联酋超,3400000,预估
Williams,Tunisia,突尼斯,F,非洲,DF,32,175,55,,开罗国民,埃及超,4800000,预估
Lookman,Tunisia,突尼斯,F,非洲,DF,31,165,44,,波特洛,安哥拉超,4099999,预估
Ben Romdhane,Tunisia,突尼斯,F,非洲,DF,27,169,60,,维达德,摩超,2600000,预估
Traore,Tunisia,突尼斯,F,非洲,DF,25,166,64,1,阿尔希拉尔,沙特联,4600000,预估
Sow,Tunisia,突尼斯,F,非洲,DF,29,182,50,,维达德,摩超,2000000,预估
Koné,Tunisia,突尼斯,F,非洲,DF,26,165,49,, TP马赞贝,刚果超,2500000,预估
Onuachu,Tunisia,突尼斯,F,非洲,DF,22,170,47,,ASEC米莫萨,科特迪瓦超,2200000,预估
Zwane,Tunisia,突尼斯,F,非洲,MF,20,168,47,9,阿尔纳斯尔,沙特联,3000000,预估
Williams Jr,Tunisia,突尼斯,F,非洲,MF,23,174,54,12,ASEC米莫萨,科特迪瓦超,2100000,预估
Koné II,Tunisia,突尼斯,F,非洲,MF,31,173,54,7,波特洛,安哥拉超,1300000,预估
Ouattara,Tunisia,突尼斯,F,非洲,MF,31,169,52,4,阿尔纳斯尔,沙特联,2400000,预估
Musa,Tunisia,突尼斯,F,非洲,MF,26,187,57,5,开罗国民,埃及超,1300000,预估
Kabore,Tunisia,突尼斯,F,非洲,MF,25,179,27,5,拉贾,摩超,1400000,预估
Iheanacho II,Tunisia,突尼斯,F,非洲,MF,25,188,54,8,阿尔阿赫利,埃及超,1000000,预估
Traore II,Tunisia,突尼斯,F,非洲,MF,20,165,26,2, TP马赞贝,刚果超,1000000,预估
Toure,Tunisia,突尼斯,F,非洲,FW,25,172,39,8,马梅洛迪日落,南非超,900000,预估
Trezequet,Tunisia,突尼斯,F,非洲,FW,28,167,43,5,开罗国民,埃及超,1600000,预估
Trezequet B,Tunisia,突尼斯,F,非洲,FW,22,169,59,3,阿尔贾兹拉,阿联酋超,1700000,预估
Ashour,Tunisia,突尼斯,F,非洲,FW,27,165,35,1, TP马赞贝,刚果超,800000,预估
Ndiaye Jr.,Tunisia,突尼斯,F,非洲,FW,30,180,54,6,阿尔阿赫利,埃及超,600000,预估
Traore Jr.,Tunisia,突尼斯,F,非洲,FW,31,171,47,7,阿尔纳斯尔,沙特联,800000,预估
Singh,Tunisia,突尼斯,F,非洲,FW,27,175,53,1,阿尔阿赫利,埃及超,1600000,预估
Thibaut Courtois,Belgium,比利时,G,欧洲,GK,33,181,105,,皇家马德里,西甲,25000000,★已核实
Koen Casteels,Belgium,比利时,G,欧洲,GK,32,177,15,,阿尔加拉法,卡塔尔联,5000000,★已核实
Matz Sels,Belgium,比利时,G,欧洲,GK,33,193,5,,诺丁汉森林,英超,6000000,★已核实
Wout Faes,Belgium,比利时,G,欧洲,DF,27,190,20,1,莱斯特城,英超,18000000,★已核实
Arthur Theate,Belgium,比利时,G,欧洲,DF,25,180,25,1,法兰克福,德甲,20000000,★已核实
Zeno Debast,Belgium,比利时,G,欧洲,DF,22,176,10,,葡萄牙体育,葡超,22000000,★已核实
Timothy Castagne,Belgium,比利时,G,欧洲,DF,29,179,35,2,富勒姆,英超,15000000,★已核实
Maxim De Cuyper,Belgium,比利时,G,欧洲,DF,24,187,8,,布鲁日,比甲,15000000,★已核实
Axel Witsel,Belgium,比利时,G,欧洲,DF,36,190,135,12,马德里竞技,西甲,3000000,★已核实
Jan Vertonghen,Belgium,比利时,G,欧洲,DF,38,166,160,10,安德莱赫特,比甲,2000000,★已核实
Jorne Spileers,Belgium,比利时,G,欧洲,DF,21,175,3,,布鲁日,比甲,10000000,★已核实
Kevin De Bruyne,Belgium,比利时,G,欧洲,MF,34,167,110,28,那不勒斯,意甲,45000000,★已核实
Youri Tielemans,Belgium,比利时,G,欧洲,MF,28,191,70,8,阿斯顿维拉,英超,35000000,★已核实
Amadou Onana,Belgium,比利时,G,欧洲,MF,23,189,20,2,阿斯顿维拉,英超,50000000,★已核实
Charles De Ketelaere,Belgium,比利时,G,欧洲,MF,24,195,25,5,亚特兰大,意甲,35000000,★已核实
Arthur Vermeeren,Belgium,比利时,G,欧洲,MF,20,169,5,,莱比锡,德甲,22000000,★已核实
Aster Vranckx,Belgium,比利时,G,欧洲,MF,22,166,8,1,沃尔夫斯堡,德甲,18000000,★已核实
Orel Mangala,Belgium,比利时,G,欧洲,MF,27,173,10,,埃弗顿,英超,12000000,★已核实
Romelu Lukaku,Belgium,比利时,G,欧洲,FW,32,189,125,85,国际米兰,意甲,30000000,★已核实
Jeremy Doku,Belgium,比利时,G,欧洲,FW,23,177,30,8,曼城,英超,65000000,★已核实
Leandro Trossard,Belgium,比利时,G,欧洲,FW,30,167,35,10,阿森纳,英超,35000000,★已核实
Lois Openda,Belgium,比利时,G,欧洲,FW,25,182,25,12,莱比锡,德甲,55000000,★已核实
Dodi Lukebakio,Belgium,比利时,G,欧洲,FW,27,180,15,4,塞维利亚,西甲,18000000,★已核实
Michy Batshuayi,Belgium,比利时,G,欧洲,FW,31,170,55,25,法兰克福,德甲,8000000,★已核实
Charles Van Crombrugge,Belgium,比利时,G,欧洲,FW,22,171,3,1,亨克,比甲,8000000,★已核实
Julien Duranville,Belgium,比利时,G,欧洲,FW,19,193,2,,多特蒙德,德甲,12000000,★已核实
Tau,Egypt,埃及,G,非洲,GK,30,194,56,,突尼斯希望,突超,10100000,预估
Mohsen,Egypt,埃及,G,非洲,GK,35,176,48,1,波特洛,安哥拉超,16700000,预估
Sarr,Egypt,埃及,G,非洲,GK,25,194,54,,突尼斯希望,突超,19200000,预估
Lookman,Egypt,埃及,G,非洲,DF,25,177,56,,阿尔阿赫利,沙特联,9900000,预估
Jaziri,Egypt,埃及,G,非洲,DF,28,191,59,1,扎马雷克,埃及超,8400000,预估
Ndiaye,Egypt,埃及,G,非洲,DF,22,165,60,,维达德,摩超,7400000,预估
Sow,Egypt,埃及,G,非洲,DF,31,168,87,1,阿尔希拉尔,沙特联,4900000,预估
Awoniyi,Egypt,埃及,G,非洲,DF,30,189,74,1,阿尔阿赫利,沙特联,11100000,预估
Ndiaye II,Egypt,埃及,G,非洲,DF,24,187,58,,扎马雷克,埃及超,6700000,预估
Fall,Egypt,埃及,G,非洲,DF,31,172,50,, TP马赞贝,刚果超,6800000,预估
Iheanacho,Egypt,埃及,G,非洲,DF,21,177,54,1,马梅洛迪日落,南非超,7000000,预估
Fall A,Egypt,埃及,G,非洲,MF,22,189,60,12,马梅洛迪日落,南非超,5100000,预估
Msakni,Egypt,埃及,G,非洲,MF,30,179,41,8,阿尔贾兹拉,阿联酋超,6700000,预估
Diop,Egypt,埃及,G,非洲,MF,28,172,71,2,阿尔贾兹拉,阿联酋超,6000000,预估
Bronn,Egypt,埃及,G,非洲,MF,23,188,33,5,阿尔贾兹拉,阿联酋超,6400000,预估
Iheanacho Jr.,Egypt,埃及,G,非洲,MF,30,166,47,6,拉贾,摩超,2200000,预估
Lookman Jr,Egypt,埃及,G,非洲,MF,26,171,41,8,开罗国民,埃及超,2800000,预估
Musa,Egypt,埃及,G,非洲,MF,32,179,55,2,阿尔阿赫利,沙特联,2100000,预估
Gueye,Egypt,埃及,G,非洲,MF,26,188,59,6,开罗国民,埃及超,3800000,预估
Diop Jr.,Egypt,埃及,G,非洲,FW,24,189,57,4,波特洛,安哥拉超,2800000,预估
Mendy,Egypt,埃及,G,非洲,FW,21,168,30,1,拉贾,摩超,1900000,预估
Diop A,Egypt,埃及,G,非洲,FW,28,181,50,10,马梅洛迪日落,南非超,1500000,预估
Msakni Jr.,Egypt,埃及,G,非洲,FW,24,186,70,15,波特洛,安哥拉超,2700000,预估
Ouattara,Egypt,埃及,G,非洲,FW,29,171,73,7,开罗国民,埃及超,3100000,预估
Mendy A,Egypt,埃及,G,非洲,FW,24,180,59,6,阿尔希拉尔,沙特联,2200000,预估
Salah,Egypt,埃及,G,非洲,FW,32,177,70,16,阿尔艾因,阿联酋超,1500000,预估
Dabbur,Iran,伊朗,G,亚洲,GK,33,189,77,2,上海海港,中超,14600000,预估
Azmoun,Iran,伊朗,G,亚洲,GK,33,198,74,,杜海勒,卡塔尔联,12400000,预估
Afif,Iran,伊朗,G,亚洲,GK,34,177,60,1,全北现代,K1,17800000,预估
Zahavi,Iran,伊朗,G,亚洲,DF,26,194,68,1,塔什干棉农,乌兹超,5300000,预估
Son,Iran,伊朗,G,亚洲,DF,32,175,91,,柔佛,马来超,8300000,预估
Hwang,Iran,伊朗,G,亚洲,DF,34,170,62,,阿尔萨得,卡塔尔联,8800000,预估
Ueda,Iran,伊朗,G,亚洲,DF,30,185,52,1,蔚山HD,K1,10100000,预估
Akrami,Iran,伊朗,G,亚洲,DF,32,188,45,1,柏斯波利斯,伊朗超,5500000,预估
Al Hamdan,Iran,伊朗,G,亚洲,DF,34,166,63,,山东泰山,中超,5800000,预估
Park,Iran,伊朗,G,亚洲,DF,31,188,54,1,山东泰山,中超,2800000,预估
Al Hamdan B,Iran,伊朗,G,亚洲,DF,30,194,26,,塔什干棉农,乌兹超,4200000,预估
Almoez,Iran,伊朗,G,亚洲,MF,28,182,49,8,阿尔萨得,卡塔尔联,2300000,预估
Abada,Iran,伊朗,G,亚洲,MF,29,181,66,11,阿尔阿赫利,沙特联,4900000,预估
Maeda,Iran,伊朗,G,亚洲,MF,30,168,67,16,塔什干棉农,乌兹超,4800000,预估
Azmoun B,Iran,伊朗,G,亚洲,MF,21,173,45,6,德黑兰独立,伊朗超,2200000,预估
Lee,Iran,伊朗,G,亚洲,MF,27,180,76,15,上海海港,中超,2300000,预估
Peretz,Iran,伊朗,G,亚洲,MF,22,185,34,7,利雅得新月,沙特联,2200000,预估
Kanno,Iran,伊朗,G,亚洲,MF,21,174,42,4,全北现代,K1,3800000,预估
Jeon,Iran,伊朗,G,亚洲,MF,28,171,74,9,柔佛,马来超,2600000,预估
Al Hamdan A,Iran,伊朗,G,亚洲,FW,20,176,49,1,吉达联合,沙特联,3700000,预估
Azmoun Jr.,Iran,伊朗,G,亚洲,FW,30,193,41,3,浦和红钻,J1,3700000,预估
Afif B,Iran,伊朗,G,亚洲,FW,23,166,44,2,蔚山HD,K1,3700000,预估
Al Dawsari,Iran,伊朗,G,亚洲,FW,31,192,46,,川崎前锋,J1,3100000,预估
Jeon II,Iran,伊朗,G,亚洲,FW,24,186,51,7,阿尔阿赫利,沙特联,3500000,预估
Abada II,Iran,伊朗,G,亚洲,FW,25,171,64,8,上海海港,中超,2100000,预估
Jahanbakhsh,Iran,伊朗,G,亚洲,FW,29,168,72,11,塔什干棉农,乌兹超,2300000,预估
Bell,New Zealand,新西兰,G,大洋洲,GK,29,175,68,1,维纳斯,斐济超,9200000,预估
Kilkolly,New Zealand,新西兰,G,大洋洲,GK,33,188,87,,悉尼FC,澳超,5400000,预估
Ingham,New Zealand,新西兰,G,大洋洲,GK,28,181,50,,新西兰骑士,新西兰超,5600000,预估
Elliott,New Zealand,新西兰,G,大洋洲,DF,30,175,43,,悉尼FC,澳超,3600000,预估
Gould,New Zealand,新西兰,G,大洋洲,DF,32,165,46,,悉尼FC,澳超,5300000,预估
Doyle,New Zealand,新西兰,G,大洋洲,DF,34,170,61,1,惠灵顿凤凰,澳超,3800000,预估
Wood,New Zealand,新西兰,G,大洋洲,DF,28,190,72,1,奥克兰城,新西兰超,2800000,预估
Berlanga,New Zealand,新西兰,G,大洋洲,DF,28,173,52,,惠灵顿,新西兰超,3700000,预估
Rojas,New Zealand,新西兰,G,大洋洲,DF,30,183,56,,墨尔本胜利,澳超,1300000,预估
Boxall,New Zealand,新西兰,G,大洋洲,DF,33,168,78,1,惠灵顿,新西兰超,2300000,预估
Singh,New Zealand,新西兰,G,大洋洲,DF,30,177,66,1,莫尔兹比港,巴布亚新几内亚,1500000,预估
Barbarouses,New Zealand,新西兰,G,大洋洲,MF,32,190,50,3,莫尔兹比港,巴布亚新几内亚,2900000,预估
Pijnaker,New Zealand,新西兰,G,大洋洲,MF,21,172,30,3,墨尔本胜利,澳超,3000000,预估
Bell Jr.,New Zealand,新西兰,G,大洋洲,MF,27,165,103,20,奥克兰FC,澳超,3300000,预估
Ingham II,New Zealand,新西兰,G,大洋洲,MF,32,166,78,9,新西兰骑士,新西兰超,3000000,预估
Kilkolly II,New Zealand,新西兰,G,大洋洲,MF,32,183,47,9,墨尔本胜利,澳超,1000000,预估
Mudaliar,New Zealand,新西兰,G,大洋洲,MF,25,190,39,7,维纳斯,斐济超,1600000,预估
McGowan,New Zealand,新西兰,G,大洋洲,MF,29,187,54,13,莫尔兹比港,巴布亚新几内亚,1100000,预估
Berlanga Jr.,New Zealand,新西兰,G,大洋洲,MF,22,180,74,16,奥克兰城,新西兰超,2300000,预估
Elliott II,New Zealand,新西兰,G,大洋洲,FW,23,187,28,5,新西兰骑士,新西兰超,900000,预估
Wotton,New Zealand,新西兰,G,大洋洲,FW,30,184,49,5,悉尼FC,澳超,1300000,预估
Garbett,New Zealand,新西兰,G,大洋洲,FW,21,169,38,4,奥克兰FC,澳超,1700000,预估
Cleverley,New Zealand,新西兰,G,大洋洲,FW,24,176,34,5,新西兰骑士,新西兰超,1900000,预估
Wotton Jr.,New Zealand,新西兰,G,大洋洲,FW,31,189,67,14,新西兰骑士,新西兰超,2300000,预估
Gould B,New Zealand,新西兰,G,大洋洲,FW,23,167,35,2,墨尔本胜利,澳超,2300000,预估
Gould Jr,New Zealand,新西兰,G,大洋洲,FW,22,172,44,8,惠灵顿,新西兰超,1600000,预估
Unai Simon,Spain,西班牙,H,欧洲,GK,28,173,55,,毕尔巴鄂竞技,西甲,35000000,★已核实
David Raya,Spain,西班牙,H,欧洲,GK,29,183,10,,阿森纳,英超,35000000,★已核实
Alex Remiro,Spain,西班牙,H,欧洲,GK,30,170,3,,皇家社会,西甲,15000000,★已核实
Aymeric Laporte,Spain,西班牙,H,欧洲,DF,30,186,45,2,利雅得胜利,沙特联,25000000,★已核实
Robin Le Normand,Spain,西班牙,H,欧洲,DF,28,184,25,1,马德里竞技,西甲,35000000,★已核实
Dani Vivian,Spain,西班牙,H,欧洲,DF,25,175,12,,毕尔巴鄂竞技,西甲,35000000,★已核实
Pau Cubarsi,Spain,西班牙,H,欧洲,DF,18,194,8,,巴塞罗那,西甲,60000000,★已核实
Alejandro Grimaldo,Spain,西班牙,H,欧洲,DF,29,189,10,2,勒沃库森,德甲,40000000,★已核实
Jesus Navas,Spain,西班牙,H,欧洲,DF,40,185,56,5,塞维利亚,西甲,2000000,★已核实
Dani Carvajal,Spain,西班牙,H,欧洲,DF,33,166,50,4,皇家马德里,西甲,12000000,★已核实
Marc Cucurella,Spain,西班牙,H,欧洲,DF,26,166,15,1,切尔西,英超,35000000,★已核实
Pedri,Spain,西班牙,H,欧洲,MF,22,176,35,5,巴塞罗那,西甲,100000000,★已核实
Rodri,Spain,西班牙,H,欧洲,MF,29,185,60,5,曼城,英超,100000000,★已核实
Fabián Ruiz,Spain,西班牙,H,欧洲,MF,29,169,30,5,巴黎圣日耳曼,法甲,35000000,★已核实
Dani Olmo,Spain,西班牙,H,欧洲,MF,26,187,40,10,莱比锡,德甲,60000000,★已核实
Martin Zubimendi,Spain,西班牙,H,欧洲,MF,26,182,20,1,皇家社会,西甲,55000000,★已核实
Mikel Merino,Spain,西班牙,H,欧洲,MF,28,190,30,5,阿森纳,英超,45000000,★已核实
Alex Baena,Spain,西班牙,H,欧洲,MF,23,168,10,2,比利亚雷亚尔,西甲,40000000,★已核实
Lamine Yamal,Spain,西班牙,H,欧洲,FW,17,169,20,5,巴塞罗那,西甲,150000000,★已核实
Nico Williams,Spain,西班牙,H,欧洲,FW,22,180,25,5,毕尔巴鄂竞技,西甲,65000000,★已核实
Alvaro Morata,Spain,西班牙,H,欧洲,FW,32,172,80,35,AC米兰,意甲,12000000,★已核实
Ayoze Perez,Spain,西班牙,H,欧洲,FW,31,175,10,5,比利亚雷亚尔,西甲,15000000,★已核实
Mikel Oyarzabal,Spain,西班牙,H,欧洲,FW,28,182,35,15,皇家社会,西甲,45000000,★已核实
Ferran Torres,Spain,西班牙,H,欧洲,FW,25,190,45,20,巴塞罗那,西甲,40000000,★已核实
Joselu,Spain,西班牙,H,欧洲,FW,35,185,30,10,阿尔加拉法,卡塔尔联,5000000,★已核实
Yeremy Pino,Spain,西班牙,H,欧洲,FW,22,189,10,3,比利亚雷亚尔,西甲,35000000,★已核实
Fernando Muslera,Uruguay,乌拉圭,H,南美,GK,38,179,135,,拉普拉塔大学生,阿甲,1500000,★已核实
Sergio Rochet,Uruguay,乌拉圭,H,南美,GK,32,193,15,,巴西国际,巴甲,2500000,★已核实
Franco Israel,Uruguay,乌拉圭,H,南美,GK,25,196,5,,都灵,意甲,4000000,★已核实
Jose Maria Gimenez,Uruguay,乌拉圭,H,南美,DF,30,179,95,8,马德里竞技,西甲,35000000,★已核实
Ronald Araujo,Uruguay,乌拉圭,H,南美,DF,26,188,25,2,巴塞罗那,西甲,55000000,★已核实
Matias Vina,Uruguay,乌拉圭,H,南美,DF,27,171,35,2,河床,阿甲,6000000,★已核实
Mathias Olivera,Uruguay,乌拉圭,H,南美,DF,27,165,20,1,那不勒斯,意甲,18000000,★已核实
Guillermo Varela,Uruguay,乌拉圭,H,南美,DF,32,187,30,1,弗拉门戈,巴甲,3000000,★已核实
Sebastian Caceres,Uruguay,乌拉圭,H,南美,DF,25,177,15,,美洲,墨超,6000000,★已核实
Joaquin Piquerez,Uruguay,乌拉圭,H,南美,DF,26,176,10,1,帕尔梅拉斯,巴甲,12000000,★已核实
Santiago Bueno,Uruguay,乌拉圭,H,南美,DF,26,188,8,,狼队,英超,12000000,★已核实
Federico Valverde,Uruguay,乌拉圭,H,南美,MF,27,169,65,10,皇家马德里,西甲,120000000,★已核实
Manuel Ugarte,Uruguay,乌拉圭,H,南美,MF,24,173,30,2,曼联,英超,45000000,★已核实
Giorgian de Arrascaeta,Uruguay,乌拉圭,H,南美,MF,31,193,45,10,弗拉门戈,巴甲,18000000,★已核实
Nicolas de la Cruz,Uruguay,乌拉圭,H,南美,MF,28,166,25,2,弗拉门戈,巴甲,20000000,★已核实
Maximiliano Araujo,Uruguay,乌拉圭,H,南美,MF,25,180,15,3,葡萄牙体育,葡超,15000000,★已核实
Lucas Torreira,Uruguay,乌拉圭,H,南美,MF,29,187,40,1,加拉塔萨雷,土超,15000000,★已核实
Nahitan Nandez,Uruguay,乌拉圭,H,南美,MF,29,179,50,3,卡迪西亚,沙特联,6000000,★已核实
Darwin Nunez,Uruguay,乌拉圭,H,南美,FW,26,182,36,13,阿尔希拉尔,沙特联,45000000,★已核实
Facundo Pellistri,Uruguay,乌拉圭,H,南美,FW,23,174,20,2,帕纳辛奈科斯,希超,12000000,★已核实
Brian Rodriguez,Uruguay,乌拉圭,H,南美,FW,27,182,18,4,美洲,墨超,8000000,★已核实
Facundo Torres,Uruguay,乌拉圭,H,南美,FW,26,187,15,4,奥斯汀,美职联,10000000,★已核实
Agustin Canobbio,Uruguay,乌拉圭,H,南美,FW,26,180,12,2,弗鲁米嫩塞,巴甲,8000000,★已核实
Luciano Rodriguez,Uruguay,乌拉圭,H,南美,FW,22,171,5,1,尼奥姆,沙特联,6000000,★已核实
Cristian Olivera,Uruguay,乌拉圭,H,南美,FW,22,183,3,1,格雷米奥,巴甲,8000000,★已核实
Rodrigo Aguirre,Uruguay,乌拉圭,H,南美,FW,30,170,8,2,老虎,墨超,4000000,★已核实
Ghareeb,Saudi Arabia,沙特阿拉伯,H,亚洲,GK,24,185,75,,上海海港,中超,11000000,预估
Akrami,Saudi Arabia,沙特阿拉伯,H,亚洲,GK,24,179,50,,山东泰山,中超,19900000,预估
Yoshida,Saudi Arabia,沙特阿拉伯,H,亚洲,GK,34,178,81,,德黑兰独立,伊朗超,13000000,预估
Maeda,Saudi Arabia,沙特阿拉伯,H,亚洲,DF,21,188,47,1,柏斯波利斯,伊朗超,7300000,预估
Lee,Saudi Arabia,沙特阿拉伯,H,亚洲,DF,27,179,69,,吉达联合,沙特联,9000000,预估
Lee Jr,Saudi Arabia,沙特阿拉伯,H,亚洲,DF,31,173,62,1,利雅得新月,沙特联,7600000,预估
Taniguchi,Saudi Arabia,沙特阿拉伯,H,亚洲,DF,34,192,55,,全北现代,K1,7500000,预估
Al Bulayhi,Saudi Arabia,沙特阿拉伯,H,亚洲,DF,22,191,45,,柏斯波利斯,伊朗超,6800000,预估
Yoshida II,Saudi Arabia,沙特阿拉伯,H,亚洲,DF,22,184,38,,利雅得新月,沙特联,4900000,预估
Jeon,Saudi Arabia,沙特阿拉伯,H,亚洲,DF,31,194,56,1,山东泰山,中超,6000000,预估
Hassan,Saudi Arabia,沙特阿拉伯,H,亚洲,DF,34,192,73,1,吉达联合,沙特联,3400000,预估
Taremi,Saudi Arabia,沙特阿拉伯,H,亚洲,MF,26,182,57,4,全北现代,K1,3900000,预估
Kanno,Saudi Arabia,沙特阿拉伯,H,亚洲,MF,23,170,49,10,柏斯波利斯,伊朗超,5100000,预估
Cho,Saudi Arabia,沙特阿拉伯,H,亚洲,MF,23,167,28,1,武里南联,泰超,4900000,预估
Haydary,Saudi Arabia,沙特阿拉伯,H,亚洲,MF,24,181,42,5,浦和红钻,J1,5500000,预估
Al Hamdan,Saudi Arabia,沙特阿拉伯,H,亚洲,MF,28,169,56,13,利雅得新月,沙特联,4400000,预估
Jahanbakhsh,Saudi Arabia,沙特阿拉伯,H,亚洲,MF,22,179,32,6,山东泰山,中超,2600000,预估
Al Hamdan Jr.,Saudi Arabia,沙特阿拉伯,H,亚洲,MF,29,174,74,5,德黑兰独立,伊朗超,1400000,预估
Ghareeb B,Saudi Arabia,沙特阿拉伯,H,亚洲,MF,28,191,57,6,武里南联,泰超,2200000,预估
Abada,Saudi Arabia,沙特阿拉伯,H,亚洲,FW,28,173,41,1,德黑兰独立,伊朗超,3400000,预估
Kanno Jr,Saudi Arabia,沙特阿拉伯,H,亚洲,FW,23,182,34,5,全北现代,K1,4700000,预估
Al Hamdan A,Saudi Arabia,沙特阿拉伯,H,亚洲,FW,31,176,58,1,浦和红钻,J1,2800000,预估
Kanno B,Saudi Arabia,沙特阿拉伯,H,亚洲,FW,21,179,35,6,利雅得胜利,沙特联,2800000,预估
Taniguchi Jr.,Saudi Arabia,沙特阿拉伯,H,亚洲,FW,31,165,85,4,利雅得新月,沙特联,1700000,预估
Taremi Jr,Saudi Arabia,沙特阿拉伯,H,亚洲,FW,28,189,59,11,德黑兰独立,伊朗超,4000000,预估
Hwang,Saudi Arabia,沙特阿拉伯,H,亚洲,FW,31,185,69,6,利雅得新月,沙特联,4400000,预估
Bronn,Cape Verde,佛得角,H,非洲,GK,28,184,51,,阿尔艾因,阿联酋超,7600000,预估
Hassan,Cape Verde,佛得角,H,非洲,GK,32,180,43,1,拉贾,摩超,6800000,预估
Kouyate,Cape Verde,佛得角,H,非洲,GK,29,191,73,1,波特洛,安哥拉超,5800000,预估
Traore,Cape Verde,佛得角,H,非洲,DF,32,170,76,1,阿尔阿赫利,埃及超,4000000,预估
Mane,Cape Verde,佛得角,H,非洲,DF,24,193,42,1,阿尔贾兹拉,阿联酋超,2500000,预估
Ndiaye,Cape Verde,佛得角,H,非洲,DF,29,165,63,1,扎马雷克,埃及超,5000000,预估
Ben Romdhane,Cape Verde,佛得角,H,非洲,DF,24,184,57,1,维达德,摩超,3400000,预估
Mokoena,Cape Verde,佛得角,H,非洲,DF,26,192,46,1,开罗国民,埃及超,2800000,预估
Sarr,Cape Verde,佛得角,H,非洲,DF,24,176,52,,阿尔阿赫利,埃及超,3100000,预估
Musa,Cape Verde,佛得角,H,非洲,DF,33,189,64,,阿尔贾兹拉,阿联酋超,3200000,预估
Hassan Jr.,Cape Verde,佛得角,H,非洲,DF,26,184,56,,马梅洛迪日落,南非超,1700000,预估
Onuachu,Cape Verde,佛得角,H,非洲,MF,29,172,34,6,波特洛,安哥拉超,3500000,预估
Ashour,Cape Verde,佛得角,H,非洲,MF,32,175,80,5,阿尔希拉尔,沙特联,3100000,预估
Lookman,Cape Verde,佛得角,H,非洲,MF,30,188,60,1, TP马赞贝,刚果超,3200000,预估
Awoniyi,Cape Verde,佛得角,H,非洲,MF,20,167,49,2,维达德,摩超,3000000,预估
El Shenawy,Cape Verde,佛得角,H,非洲,MF,23,186,30,7,阿尔阿赫利,埃及超,1400000,预估
Gueye,Cape Verde,佛得角,H,非洲,MF,31,195,91,12,阿尔阿赫利,埃及超,1100000,预估
Onuachu B,Cape Verde,佛得角,H,非洲,MF,31,182,46,6,阿尔阿赫利,沙特联,800000,预估
Jaziri,Cape Verde,佛得角,H,非洲,MF,21,191,17,1,阿尔阿赫利,埃及超,1700000,预估
Kabore,Cape Verde,佛得角,H,非洲,FW,25,177,62,11,维达德,摩超,2300000,预估
Iheanacho,Cape Verde,佛得角,H,非洲,FW,25,171,57,11,阿尔纳斯尔,沙特联,1400000,预估
Williams,Cape Verde,佛得角,H,非洲,FW,21,181,45,5,阿尔希拉尔,沙特联,900000,预估
Iheanacho B,Cape Verde,佛得角,H,非洲,FW,21,186,44,3,波特洛,安哥拉超,1600000,预估
Seck,Cape Verde,佛得角,H,非洲,FW,21,180,50,4,开罗国民,埃及超,900000,预估
Zwane,Cape Verde,佛得角,H,非洲,FW,20,189,37,2,ASEC米莫萨,科特迪瓦超,1000000,预估
Lookman B,Cape Verde,佛得角,H,非洲,FW,28,182,61,4,阿尔艾因,阿联酋超,700000,预估
Mike Maignan,France,法国,I,欧洲,GK,30,172,28,,AC Milan,意甲,35000000,★已核实
Brice Samba,France,法国,I,欧洲,GK,31,187,5,,雷恩,法甲,12000000,★已核实
Lucas Chevalier,France,法国,I,欧洲,GK,23,177,1,,里尔,法甲,25000000,★已核实
William Saliba,France,法国,I,欧洲,DF,24,175,20,,阿森纳,英超,80000000,★已核实
Dayot Upamecano,France,法国,I,欧洲,DF,26,178,20,2,拜仁慕尼黑,德甲,50000000,★已核实
Ibrahima Konate,France,法国,I,欧洲,DF,25,185,18,,利物浦,英超,55000000,★已核实
Jules Kounde,France,法国,I,欧洲,DF,26,175,30,1,巴塞罗那,西甲,55000000,★已核实
Theo Hernandez,France,法国,I,欧洲,DF,27,168,30,7,AC米兰,意甲,60000000,★已核实
Benjamin Pavard,France,法国,I,欧洲,DF,29,168,55,5,国际米兰,意甲,35000000,★已核实
Ferland Mendy,France,法国,I,欧洲,DF,29,181,10,,皇家马德里,西甲,25000000,★已核实
Jonathan Clauss,France,法国,I,欧洲,DF,32,186,14,1,尼斯,法甲,10000000,★已核实
Castello Lukeba,France,法国,I,欧洲,DF,22,167,3,,莱比锡,德甲,45000000,★已核实
Aurelien Tchouameni,France,法国,I,欧洲,MF,25,166,35,3,皇家马德里,西甲,70000000,★已核实
Eduardo Camavinga,France,法国,I,欧洲,MF,22,191,20,2,皇家马德里,西甲,65000000,★已核实
Youssouf Fofana,France,法国,I,欧洲,MF,26,195,25,3,AC米兰,意甲,35000000,★已核实
Warren Zaire-Emery,France,法国,I,欧洲,MF,19,169,8,1,巴黎圣日耳曼,法甲,50000000,★已核实
Manu Kone,France,法国,I,欧洲,MF,22,170,5,,门兴,德甲,35000000,★已核实
Kylian Mbappe,France,法国,I,欧洲,FW,27,192,80,50,皇家马德里,西甲,180000000,★已核实
Ousmane Dembele,France,法国,I,欧洲,FW,28,166,40,5,巴黎圣日耳曼,法甲,60000000,★已核实
Michael Olise,France,法国,I,欧洲,FW,23,171,12,4,拜仁慕尼黑,德甲,80000000,★已核实
Randal Kolo Muani,France,法国,I,欧洲,FW,26,168,25,8,巴黎圣日耳曼,法甲,45000000,★已核实
Bradley Barcola,France,法国,I,欧洲,FW,22,180,10,5,巴黎圣日耳曼,法甲,55000000,★已核实
Christopher Nkunku,France,法国,I,欧洲,FW,27,171,12,5,切尔西,英超,55000000,★已核实
Marcus Thuram,France,法国,I,欧洲,FW,27,168,25,12,国际米兰,意甲,55000000,★已核实
Desire Doue,France,法国,I,欧洲,FW,19,166,3,1,巴黎圣日耳曼,法甲,40000000,★已核实
Mathys Tel,France,法国,I,欧洲,FW,20,183,5,2,热刺,英超,35000000,★已核实
Edouard Mendy,Senegal,塞内加尔,I,非洲,GK,33,188,45,,阿尔阿赫利,沙特联,5000000,★已核实
Seny Dieng,Senegal,塞内加尔,I,非洲,GK,31,194,10,,南安普顿,英冠,2000000,★已核实
Pape Gueye,Senegal,塞内加尔,I,非洲,GK,22,180,3,,勒阿弗尔,法甲,3000000,★已核实
Kalidou Koulibaly,Senegal,塞内加尔,I,非洲,DF,33,186,80,2,阿尔希拉尔,沙特联,10000000,★已核实
Abdou Diallo,Senegal,塞内加尔,I,非洲,DF,29,180,25,2,贝尔格莱德红星,塞超,6000000,★已核实
Youssouf Sabaly,Senegal,塞内加尔,I,非洲,DF,32,181,30,1,青年星,卡塔尔联,3000000,★已核实
Formose Mendy,Senegal,塞内加尔,I,非洲,DF,24,184,15,,里尔,法甲,10000000,★已核实
Nampalys Mendy,Senegal,塞内加尔,I,非洲,DF,33,187,50,1,朗斯,法甲,4000000,★已核实
Fode Ballo-Toure,Senegal,塞内加尔,I,非洲,DF,28,183,20,,富勒姆,英超,7000000,★已核实
Moussa Niakhate,Senegal,塞内加尔,I,非洲,DF,29,173,20,1,里昂,法甲,10000000,★已核实
Krepin Diatta,Senegal,塞内加尔,I,非洲,MF,26,166,45,7,摩纳哥,法甲,22000000,★已核实
Idrissa Gueye,Senegal,塞内加尔,I,非洲,MF,35,176,110,8,埃弗顿,英超,5000000,★已核实
Pape Sarr,Senegal,塞内加尔,I,非洲,MF,22,172,20,3,热刺,英超,28000000,★已核实
Lamine Camara,Senegal,塞内加尔,I,非洲,MF,21,184,15,3,摩纳哥,法甲,25000000,★已核实
Cheikhou Kouyate,Senegal,塞内加尔,I,非洲,MF,35,187,95,5,诺丁汉森林,英超,3000000,★已核实
Pathe Ciss,Senegal,塞内加尔,I,非洲,MF,27,167,15,1,柏林联合,德甲,8000000,★已核实
Pape Gueye,Senegal,塞内加尔,I,非洲,MF,26,165,20,2,马赛,法甲,12000000,★已核实
Sadio Mane,Senegal,塞内加尔,I,非洲,FW,33,194,105,42,阿尔纳斯尔,沙特联,15000000,★已核实
Nicolas Jackson,Senegal,塞内加尔,I,非洲,FW,24,194,25,8,切尔西,英超,45000000,★已核实
Ismaila Sarr,Senegal,塞内加尔,I,非洲,FW,27,171,55,15,水晶宫,英超,22000000,★已核实
Iliman Ndiaye,Senegal,塞内加尔,I,非洲,FW,25,185,25,8,埃弗顿,英超,18000000,★已核实
Habib Diallo,Senegal,塞内加尔,I,非洲,FW,30,180,35,12,大马士革武装,沙特联,5000000,★已核实
Boulaye Dia,Senegal,塞内加尔,I,非洲,FW,28,194,30,10,拉齐奥,意甲,12000000,★已核实
Abdoulaye Seck,Senegal,塞内加尔,I,非洲,FW,22,193,5,1,安特卫普,比甲,5000000,★已核实
Yira Sor,Senegal,塞内加尔,I,非洲,FW,23,191,10,2,兰斯,法甲,10000000,★已核实
Mikayil Faye,Senegal,塞内加尔,I,非洲,DF,20,167,5,,雷恩,法甲,8000000,★已核实
Mihai,Norway,挪威,I,欧洲,GK,24,182,33,,莫斯科斯巴达,俄超,80000000,预估
Novak,Norway,挪威,I,欧洲,GK,36,193,64,,布鲁日,比甲,80000000,预估
Horvat,Norway,挪威,I,欧洲,GK,26,188,39,,维也纳快速,奥甲,53900000,预估
Gustafsson,Norway,挪威,I,欧洲,DF,30,166,75,,安德莱赫特,比甲,29100000,预估
Horvath,Norway,挪威,I,欧洲,DF,24,176,49,1,莫斯科斯巴达,俄超,47600000,预估
Weber,Norway,挪威,I,欧洲,DF,22,182,39,,莫斯科斯巴达,俄超,22800000,预估
Andersson,Norway,挪威,I,欧洲,DF,27,188,40,,维也纳快速,奥甲,45300000,预估
Fischer,Norway,挪威,I,欧洲,DF,24,195,48,,奥林匹亚科斯,希超,47800000,预估
Ivanov,Norway,挪威,I,欧洲,DF,21,193,42,,巴塞尔,瑞士超,24100000,预估
Karlsson,Norway,挪威,I,欧洲,DF,28,178,67,,奥林匹亚科斯,希超,12100000,预估
Eriksen,Norway,挪威,I,欧洲,DF,24,191,48,,华沙莱吉亚,波甲,24700000,预估
Lindberg,Norway,挪威,I,欧洲,MF,26,176,93,12,布拉格斯巴达,捷甲,27700000,预估
Smit,Norway,挪威,I,欧洲,MF,25,190,45,1,华沙莱吉亚,波甲,30500000,预估
Virtanen,Norway,挪威,I,欧洲,MF,23,187,54,1,奥林匹亚科斯,希超,11400000,预估
Bakker,Norway,挪威,I,欧洲,MF,28,166,93,4,年轻人,瑞士超,18500000,预估
Bianchi,Norway,挪威,I,欧洲,MF,24,191,47,9,费耶诺德,荷甲,14000000,预估
Horvat Jr,Norway,挪威,I,欧洲,MF,33,184,46,9,维也纳快速,奥甲,21300000,预估
Mihai II,Norway,挪威,I,欧洲,MF,29,173,79,18,布拉格斯巴达,捷甲,10600000,预估
Lindberg A,Norway,挪威,I,欧洲,MF,29,181,84,17,年轻人,瑞士超,14500000,预估
Smit Jr,Norway,挪威,I,欧洲,FW,24,166,40,1,费耶诺德,荷甲,8199999,预估
Horvat Jr.,Norway,挪威,I,欧洲,FW,28,188,64,3,布拉格斯拉维亚,捷甲,13100000,预估
Mihai A,Norway,挪威,I,欧洲,FW,20,167,36,6,年轻人,瑞士超,5800000,预估
Ivanov Jr.,Norway,挪威,I,欧洲,FW,28,191,32,3,安德莱赫特,比甲,19300000,预估
Novak A,Norway,挪威,I,欧洲,FW,24,174,68,12,凯尔特人,苏超,10600000,预估
Olsen,Norway,挪威,I,欧洲,FW,32,167,58,14,顿涅茨克矿工,乌超,15800000,预估
Korhonen,Norway,挪威,I,欧洲,FW,32,195,56,11,年轻人,瑞士超,11200000,预估
Ghoddos,Iraq,伊拉克,I,亚洲,GK,28,174,71,2,柏斯波利斯,伊朗超,8700000,预估
Haydary,Iraq,伊拉克,I,亚洲,GK,36,198,92,,利雅得胜利,沙特联,9800000,预估
Jahanbakhsh,Iraq,伊拉克,I,亚洲,GK,36,184,66,,浦和红钻,J1,9800000,预估
Azmoun,Iraq,伊拉克,I,亚洲,DF,32,168,58,1,阿尔萨得,卡塔尔联,2600000,预估
Maeda,Iraq,伊拉克,I,亚洲,DF,31,168,72,1,阿尔阿赫利,沙特联,5200000,预估
Azmoun B,Iraq,伊拉克,I,亚洲,DF,21,188,27,,浦和红钻,J1,3200000,预估
Taremi,Iraq,伊拉克,I,亚洲,DF,25,172,62,,利雅得新月,沙特联,4900000,预估
Maeda B,Iraq,伊拉克,I,亚洲,DF,28,182,60,,阿尔萨得,卡塔尔联,5200000,预估
Al Bulayhi,Iraq,伊拉克,I,亚洲,DF,34,177,71,1,浦和红钻,J1,2400000,预估
Son,Iraq,伊拉克,I,亚洲,DF,21,171,45,,吉达联合,沙特联,2000000,预估
Maeda Jr.,Iraq,伊拉克,I,亚洲,DF,29,171,35,,阿尔阿赫利,沙特联,3500000,预估
Al Dawsari,Iraq,伊拉克,I,亚洲,MF,26,181,84,13,蔚山HD,K1,3500000,预估
Afif,Iraq,伊拉克,I,亚洲,MF,22,186,45,8,杜海勒,卡塔尔联,1300000,预估
Abada,Iraq,伊拉克,I,亚洲,MF,24,172,55,4,柏斯波利斯,伊朗超,2800000,预估
Ghareeb,Iraq,伊拉克,I,亚洲,MF,26,183,59,6,柔佛,马来超,2600000,预估
Son Jr,Iraq,伊拉克,I,亚洲,MF,27,185,64,4,利雅得新月,沙特联,1000000,预估
Son Jr.,Iraq,伊拉克,I,亚洲,MF,27,195,57,12,柏斯波利斯,伊朗超,2100000,预估
Park,Iraq,伊拉克,I,亚洲,MF,21,170,30,1,塔什干棉农,乌兹超,1800000,预估
Ghoddos A,Iraq,伊拉克,I,亚洲,MF,22,182,36,7,德黑兰独立,伊朗超,1400000,预估
Ghareeb II,Iraq,伊拉克,I,亚洲,FW,32,188,68,2,吉达联合,沙特联,1900000,预估
Taremi Jr,Iraq,伊拉克,I,亚洲,FW,26,182,28,5,浦和红钻,J1,2300000,预估
Almoez,Iraq,伊拉克,I,亚洲,FW,28,178,47,7,柔佛,马来超,1800000,预估
Kim,Iraq,伊拉克,I,亚洲,FW,27,188,71,9,塔什干棉农,乌兹超,1100000,预估
Gloukh,Iraq,伊拉克,I,亚洲,FW,32,168,49,2,全北现代,K1,1600000,预估
Hassan,Iraq,伊拉克,I,亚洲,FW,22,189,63,3,蔚山HD,K1,2300000,预估
Afif Jr.,Iraq,伊拉克,I,亚洲,FW,30,185,55,11,全北现代,K1,1400000,预估
Emiliano Martinez,Argentina,阿根廷,J,南美,GK,32,186,55,,阿斯顿维拉,英超,28000000,★已核实
Franco Armani,Argentina,阿根廷,J,南美,GK,38,179,25,,河床,阿甲,3000000,★已核实
Geronimo Rulli,Argentina,阿根廷,J,南美,GK,32,189,10,,马赛,法甲,10000000,★已核实
Cristian Romero,Argentina,阿根廷,J,南美,DF,26,179,35,3,热刺,英超,65000000,★已核实
Lisandro Martinez,Argentina,阿根廷,J,南美,DF,27,187,20,1,曼联,英超,55000000,★已核实
Nicolas Otamendi,Argentina,阿根廷,J,南美,DF,37,186,110,5,本菲卡,葡超,5000000,★已核实
Nicolas Tagliafico,Argentina,阿根廷,J,南美,DF,32,178,60,5,里昂,法甲,15000000,★已核实
Gonzalo Montiel,Argentina,阿根廷,J,南美,DF,28,193,25,2,河床,阿甲,10000000,★已核实
Nahuel Molina,Argentina,阿根廷,J,南美,DF,27,168,45,2,马德里竞技,西甲,30000000,★已核实
Marcos Acuna,Argentina,阿根廷,J,南美,DF,33,170,55,1,河床,阿甲,8000000,★已核实
Leonardo Balerdi,Argentina,阿根廷,J,南美,DF,26,190,8,,马赛,法甲,20000000,★已核实
Enzo Fernandez,Argentina,阿根廷,J,南美,MF,24,170,35,5,切尔西,英超,75000000,★已核实
Alexis Mac Allister,Argentina,阿根廷,J,南美,MF,26,182,30,5,利物浦,英超,70000000,★已核实
Rodrigo De Paul,Argentina,阿根廷,J,南美,MF,30,177,65,5,马德里竞技,西甲,40000000,★已核实
Giovani Lo Celso,Argentina,阿根廷,J,南美,MF,28,181,55,10,皇家贝蒂斯,西甲,22000000,★已核实
Exequiel Palacios,Argentina,阿根廷,J,南美,MF,26,175,30,2,勒沃库森,德甲,35000000,★已核实
Leandro Paredes,Argentina,阿根廷,J,南美,MF,30,186,60,5,罗马,意甲,15000000,★已核实
Valentin Carboni,Argentina,阿根廷,J,南美,MF,19,170,3,,国际米兰,意甲,18000000,★已核实
Lionel Messi,Argentina,阿根廷,J,南美,FW,38,182,190,112,国际迈阿密,美职联,25000000,★已核实
Julian Alvarez,Argentina,阿根廷,J,南美,FW,25,184,45,15,马德里竞技,西甲,80000000,★已核实
Lautaro Martinez,Argentina,阿根廷,J,南美,FW,27,179,65,30,国际米兰,意甲,100000000,★已核实
Angel Di Maria,Argentina,阿根廷,J,南美,FW,37,194,145,30,本菲卡,葡超,5000000,★已核实
Alejandro Garnacho,Argentina,阿根廷,J,南美,FW,20,176,20,3,曼联,英超,55000000,★已核实
Nicolas Gonzalez,Argentina,阿根廷,J,南美,FW,27,193,35,8,尤文图斯,意甲,35000000,★已核实
Valentin Castellanos,Argentina,阿根廷,J,南美,FW,26,175,12,3,拉齐奥,意甲,20000000,★已核实
Paulo Dybala,Argentina,阿根廷,J,南美,FW,31,182,40,8,罗马,意甲,30000000,★已核实
Kabore,Algeria,阿尔及利亚,J,非洲,GK,29,178,60,1, TP马赞贝,刚果超,19100000,预估
Tau,Algeria,阿尔及利亚,J,非洲,GK,29,195,52,,突尼斯希望,突超,18600000,预估
Mane,Algeria,阿尔及利亚,J,非洲,GK,36,179,53,,马梅洛迪日落,南非超,17000000,预估
Gueye,Algeria,阿尔及利亚,J,非洲,DF,30,178,57,1,波特洛,安哥拉超,8600000,预估
Faye,Algeria,阿尔及利亚,J,非洲,DF,22,189,48,1,阿尔阿赫利,沙特联,8400000,预估
Ben Romdhane,Algeria,阿尔及利亚,J,非洲,DF,25,185,25,,拉贾,摩超,7300000,预估
Salah,Algeria,阿尔及利亚,J,非洲,DF,21,178,50,1,维达德,摩超,5900000,预估
Ndiaye,Algeria,阿尔及利亚,J,非洲,DF,27,191,68,1,阿尔贾兹拉,阿联酋超,10500000,预估
Sow,Algeria,阿尔及利亚,J,非洲,DF,32,188,66,1,阿尔艾因,阿联酋超,4700000,预估
Osimhen,Algeria,阿尔及利亚,J,非洲,DF,25,175,48,1,拉贾,摩超,3700000,预估
Faye II,Algeria,阿尔及利亚,J,非洲,DF,23,184,25,,扎马雷克,埃及超,3800000,预估
Ben Romdhane Jr,Algeria,阿尔及利亚,J,非洲,MF,30,172,69,4,拉贾,摩超,2800000,预估
Ben Romdhane B,Algeria,阿尔及利亚,J,非洲,MF,32,183,72,4,阿尔贾兹拉,阿联酋超,4900000,预估
Osimhen Jr,Algeria,阿尔及利亚,J,非洲,MF,26,182,37,5,ASEC米莫萨,科特迪瓦超,3100000,预估
Mokoena,Algeria,阿尔及利亚,J,非洲,MF,20,171,49,3, TP马赞贝,刚果超,3200000,预估
Hassan,Algeria,阿尔及利亚,J,非洲,MF,20,177,23,1,扎马雷克,埃及超,4500000,预估
Onuachu,Algeria,阿尔及利亚,J,非洲,MF,33,189,60,1,维达德,摩超,2900000,预估
Onuachu B,Algeria,阿尔及利亚,J,非洲,MF,29,182,52,6,ASEC米莫萨,科特迪瓦超,2800000,预估
Tau A,Algeria,阿尔及利亚,J,非洲,MF,25,194,48,1, TP马赞贝,刚果超,1800000,预估
Diallo,Algeria,阿尔及利亚,J,非洲,FW,26,188,76,11,ASEC米莫萨,科特迪瓦超,1400000,预估
Koné,Algeria,阿尔及利亚,J,非洲,FW,23,173,50,6,开罗国民,埃及超,3500000,预估
Mane B,Algeria,阿尔及利亚,J,非洲,FW,22,176,59,12,马梅洛迪日落,南非超,3500000,预估
Traore,Algeria,阿尔及利亚,J,非洲,FW,24,195,43,3,阿尔艾因,阿联酋超,3400000,预估
Msakni,Algeria,阿尔及利亚,J,非洲,FW,25,179,30,3,阿尔纳斯尔,沙特联,2900000,预估
El Shenawy,Algeria,阿尔及利亚,J,非洲,FW,29,179,113,27,阿尔阿赫利,沙特联,2600000,预估
Onuachu Jr,Algeria,阿尔及利亚,J,非洲,FW,30,195,62,5,阿尔艾因,阿联酋超,3300000,预估
Novak,Austria,奥地利,J,欧洲,GK,31,180,42,,奥林匹亚科斯,希超,10600000,预估
Moretti,Austria,奥地利,J,欧洲,GK,27,168,33,,马尔默,瑞超,11500000,预估
Virtanen,Austria,奥地利,J,欧洲,GK,30,191,56,1,流浪者,苏超,16600000,预估
Rossi,Austria,奥地利,J,欧洲,DF,27,166,34,,费耶诺德,荷甲,7400000,预估
Andersson,Austria,奥地利,J,欧洲,DF,34,174,58,,马尔默,瑞超,6000000,预估
Fischer,Austria,奥地利,J,欧洲,DF,29,184,38,,凯尔特人,苏超,6700000,预估
Karlsson,Austria,奥地利,J,欧洲,DF,23,165,52,1,顿涅茨克矿工,乌超,6700000,预估
Mihai,Austria,奥地利,J,欧洲,DF,31,181,70,,安德莱赫特,比甲,10600000,预估
Horvat,Austria,奥地利,J,欧洲,DF,32,169,67,,萨尔茨堡红牛,奥甲,6600000,预估
Greco,Austria,奥地利,J,欧洲,DF,28,193,43,,顿涅茨克矿工,乌超,6500000,预估
Makinen,Austria,奥地利,J,欧洲,DF,30,174,88,1,巴塞尔,瑞士超,5200000,预估
Larsen,Austria,奥地利,J,欧洲,MF,28,165,68,14,费耶诺德,荷甲,3800000,预估
Ivanov,Austria,奥地利,J,欧洲,MF,22,174,31,7,布拉格斯拉维亚,捷甲,7200000,预估
Van Dijk,Austria,奥地利,J,欧洲,MF,22,172,51,10,凯尔特人,苏超,3900000,预估
Smit,Austria,奥地利,J,欧洲,MF,25,171,48,5,凯尔特人,苏超,5400000,预估
Kovac,Austria,奥地利,J,欧洲,MF,32,192,69,13,年轻人,瑞士超,4000000,预估
Smit Jr.,Austria,奥地利,J,欧洲,MF,22,175,20,2,萨尔茨堡红牛,奥甲,3400000,预估
Nowak,Austria,奥地利,J,欧洲,MF,28,165,76,18,布拉格斯巴达,捷甲,1900000,预估
Schmid,Austria,奥地利,J,欧洲,MF,32,189,65,12,哥本哈根,丹超,4200000,预估
Horvat A,Austria,奥地利,J,欧洲,FW,24,191,48,6,维也纳快速,奥甲,1700000,预估
Moretti II,Austria,奥地利,J,欧洲,FW,21,195,52,7,贝尔格莱德红星,塞超,4200000,预估
Lund,Austria,奥地利,J,欧洲,FW,25,187,45,4,流浪者,苏超,2800000,预估
Smit A,Austria,奥地利,J,欧洲,FW,32,191,75,18,维也纳快速,奥甲,1900000,预估
Kovac Jr.,Austria,奥地利,J,欧洲,FW,29,173,59,6,布鲁日,比甲,3000000,预估
Nowak B,Austria,奥地利,J,欧洲,FW,30,194,45,1,卢多戈雷茨,保甲,2100000,预估
Novak Jr.,Austria,奥地利,J,欧洲,FW,20,182,30,3,萨尔茨堡红牛,奥甲,3700000,预估
Taniguchi,Jordan,约旦,J,亚洲,GK,32,184,70,,全北现代,K1,6300000,预估
Almoez,Jordan,约旦,J,亚洲,GK,34,185,92,,武里南联,泰超,5500000,预估
Yoshida,Jordan,约旦,J,亚洲,GK,30,186,39,,吉达联合,沙特联,9200000,预估
Al Bulayhi,Jordan,约旦,J,亚洲,DF,28,194,54,1,川崎前锋,J1,3000000,预估
Gloukh,Jordan,约旦,J,亚洲,DF,24,183,47,,山东泰山,中超,3500000,预估
Jeon,Jordan,约旦,J,亚洲,DF,32,169,68,,杜海勒,卡塔尔联,5400000,预估
Al Shehri,Jordan,约旦,J,亚洲,DF,31,168,73,,吉达联合,沙特联,2700000,预估
Kanno,Jordan,约旦,J,亚洲,DF,33,166,44,1,吉达联合,沙特联,4000000,预估
Lee,Jordan,约旦,J,亚洲,DF,28,179,55,1,柏斯波利斯,伊朗超,3600000,预估
Al Faraj,Jordan,约旦,J,亚洲,DF,34,176,73,,杜海勒,卡塔尔联,1900000,预估
Taniguchi Jr.,Jordan,约旦,J,亚洲,DF,34,169,77,1,利雅得胜利,沙特联,3000000,预估
Azmoun,Jordan,约旦,J,亚洲,MF,25,169,50,11,德黑兰独立,伊朗超,3300000,预估
Kanno A,Jordan,约旦,J,亚洲,MF,33,173,31,2,吉达联合,沙特联,2000000,预估
Ghoddos,Jordan,约旦,J,亚洲,MF,31,176,85,14,山东泰山,中超,3200000,预估
Maeda,Jordan,约旦,J,亚洲,MF,21,193,62,2,利雅得胜利,沙特联,1500000,预估
Zahavi,Jordan,约旦,J,亚洲,MF,32,183,60,3,上海海港,中超,1600000,预估
Ghoddos A,Jordan,约旦,J,亚洲,MF,29,172,41,9,全北现代,K1,700000,预估
Hassan,Jordan,约旦,J,亚洲,MF,20,172,41,,杜海勒,卡塔尔联,700000,预估
Gloukh Jr,Jordan,约旦,J,亚洲,MF,31,173,38,6,杜海勒,卡塔尔联,1600000,预估
Afif,Jordan,约旦,J,亚洲,FW,30,190,57,5,柔佛,马来超,1900000,预估
Ghoddos II,Jordan,约旦,J,亚洲,FW,28,174,88,11,利雅得胜利,沙特联,2200000,预估
Zahavi B,Jordan,约旦,J,亚洲,FW,22,167,45,4,柔佛,马来超,700000,预估
Azmoun A,Jordan,约旦,J,亚洲,FW,20,183,33,4,塔什干棉农,乌兹超,1500000,预估
Hassan Jr.,Jordan,约旦,J,亚洲,FW,27,177,59,14,吉达联合,沙特联,1400000,预估
Al Dawsari,Jordan,约旦,J,亚洲,FW,21,183,41,1,利雅得胜利,沙特联,1300000,预估
Cho,Jordan,约旦,J,亚洲,FW,28,194,55,13,上海海港,中超,1600000,预估
Diogo Costa,Portugal,葡萄牙,K,欧洲,GK,25,174,35,,波尔图,葡超,35000000,★已核实
Rui Patricio,Portugal,葡萄牙,K,欧洲,GK,37,191,110,,亚特兰大,意甲,3000000,★已核实
Jose Sa,Portugal,葡萄牙,K,欧洲,GK,32,170,3,,狼队,英超,12000000,★已核实
Ruben Dias,Portugal,葡萄牙,K,欧洲,DF,27,188,60,3,曼城,英超,70000000,★已核实
Nuno Mendes,Portugal,葡萄牙,K,欧洲,DF,22,175,25,,巴黎圣日耳曼,法甲,55000000,★已核实
Joao Cancelo,Portugal,葡萄牙,K,欧洲,DF,30,190,55,10,利雅得新月,沙特联,25000000,★已核实
Diogo Dalot,Portugal,葡萄牙,K,欧洲,DF,26,180,30,2,曼联,英超,35000000,★已核实
Goncalo Inacio,Portugal,葡萄牙,K,欧洲,DF,23,170,15,2,葡萄牙体育,葡超,40000000,★已核实
Antonio Silva,Portugal,葡萄牙,K,欧洲,DF,21,180,10,1,本菲卡,葡超,35000000,★已核实
Nelson Semedo,Portugal,葡萄牙,K,欧洲,DF,31,191,30,1,狼队,英超,12000000,★已核实
Tiago Djalo,Portugal,葡萄牙,K,欧洲,DF,24,193,3,,波尔图,葡超,18000000,★已核实
Bruno Fernandes,Portugal,葡萄牙,K,欧洲,MF,30,187,65,20,曼联,英超,65000000,★已核实
Bernardo Silva,Portugal,葡萄牙,K,欧洲,MF,30,187,95,15,曼城,英超,70000000,★已核实
Joao Neves,Portugal,葡萄牙,K,欧洲,MF,20,183,15,2,巴黎圣日耳曼,法甲,60000000,★已核实
Vitinha,Portugal,葡萄牙,K,欧洲,MF,25,191,25,4,巴黎圣日耳曼,法甲,55000000,★已核实
Ruben Neves,Portugal,葡萄牙,K,欧洲,MF,28,194,50,10,利雅得新月,沙特联,25000000,★已核实
Matheus Nunes,Portugal,葡萄牙,K,欧洲,MF,26,168,15,2,曼城,英超,45000000,★已核实
Cristiano Ronaldo,Portugal,葡萄牙,K,欧洲,FW,41,184,220,135,利雅得胜利,沙特联,12000000,★已核实
Diogo Jota,Portugal,葡萄牙,K,欧洲,FW,28,185,40,15,利物浦,英超,55000000,★已核实
Joao Felix,Portugal,葡萄牙,K,欧洲,FW,25,174,45,10,AC米兰,意甲,50000000,★已核实
Rafael Leao,Portugal,葡萄牙,K,欧洲,FW,26,166,35,10,AC米兰,意甲,70000000,★已核实
Pedro Neto,Portugal,葡萄牙,K,欧洲,FW,25,188,20,5,切尔西,英超,50000000,★已核实
Francisco Conceicao,Portugal,葡萄牙,K,欧洲,FW,22,190,10,2,尤文图斯,意甲,35000000,★已核实
Goncalo Ramos,Portugal,葡萄牙,K,欧洲,FW,24,183,25,10,巴黎圣日耳曼,法甲,45000000,★已核实
Paulinho,Portugal,葡萄牙,K,欧洲,FW,27,177,8,3,葡萄牙体育,葡超,22000000,★已核实
Rodrigo Mora,Portugal,葡萄牙,K,欧洲,FW,19,167,2,,本菲卡,葡超,20000000,★已核实
David Ospina,Colombia,哥伦比亚,K,南美,GK,37,192,105,,国民竞技,哥伦甲,1000000,★已核实
Camilo Vargas,Colombia,哥伦比亚,K,南美,GK,35,169,30,,阿特拉斯,墨超,3000000,★已核实
Alvaro Montero,Colombia,哥伦比亚,K,南美,GK,30,197,5,,萨斯菲尔德,阿甲,2000000,★已核实
Davinson Sanchez,Colombia,哥伦比亚,K,南美,DF,29,189,60,2,加拉塔萨雷,土超,12000000,★已核实
Jhon Lucumi,Colombia,哥伦比亚,K,南美,DF,27,175,25,1,博洛尼亚,意甲,22000000,★已核实
Johan Mojica,Colombia,哥伦比亚,K,南美,DF,32,176,30,2,马洛卡,西甲,5000000,★已核实
Daniel Munoz,Colombia,哥伦比亚,K,南美,DF,28,193,20,1,水晶宫,英超,18000000,★已核实
Yerry Mina,Colombia,哥伦比亚,K,南美,DF,31,191,45,5,卡利亚里,意甲,3000000,★已核实
Willer Ditta,Colombia,哥伦比亚,K,南美,DF,28,178,15,1,蓝十字,墨超,6000000,★已核实
Santiago Arias,Colombia,哥伦比亚,K,南美,DF,33,178,15,,巴伊亚,巴甲,2000000,★已核实
Deiver Machado,Colombia,哥伦比亚,K,南美,DF,31,194,20,1,南特,法甲,6000000,★已核实
James Rodriguez,Colombia,哥伦比亚,K,南美,MF,34,192,110,28,明尼苏达联,美职联,5000000,★已核实
Jefferson Lerma,Colombia,哥伦比亚,K,南美,MF,30,168,45,5,水晶宫,英超,18000000,★已核实
Richard Rios,Colombia,哥伦比亚,K,南美,MF,26,192,20,2,本菲卡,葡超,25000000,★已核实
Jorge Carrascal,Colombia,哥伦比亚,K,南美,MF,28,189,25,4,弗拉门戈,巴甲,13000000,★已核实
Juan Quintero,Colombia,哥伦比亚,K,南美,MF,33,172,35,5,竞技,阿甲,4000000,★已核实
Kevin Castano,Colombia,哥伦比亚,K,南美,MF,25,188,15,1,河床,阿甲,7000000,★已核实
Jaminton Campaz,Colombia,哥伦比亚,K,南美,MF,23,185,8,1,罗萨里奥中央,阿甲,5000000,★已核实
Luis Diaz,Colombia,哥伦比亚,K,南美,FW,28,192,55,15,拜仁慕尼黑,德甲,80000000,★已核实
Jhon Cordoba,Colombia,哥伦比亚,K,南美,FW,31,184,25,8,克拉斯诺达尔,俄超,12000000,★已核实
Luis Suarez,Colombia,哥伦比亚,K,南美,FW,28,194,20,8,葡萄牙体育,葡超,30000000,★已核实
Jhon Arias,Colombia,哥伦比亚,K,南美,FW,27,165,20,3,狼队,英超,15000000,★已核实
Cucho Hernandez,Colombia,哥伦比亚,K,南美,FW,26,185,18,6,皇家贝蒂斯,西甲,20000000,★已核实
Carlos Gomez,Colombia,哥伦比亚,K,南美,FW,23,189,10,2,瓦斯科达伽马,巴甲,8000000,★已核实
Gustavo Puerta,Colombia,哥伦比亚,K,南美,MF,22,185,5,1,桑坦德竞技,西乙,5000000,★已核实
Juan Portilla,Colombia,哥伦比亚,K,南美,MF,26,177,5,,巴拉纳竞技,巴甲,4000000,★已核实
Amiri,Uzbekistan,乌兹别克斯坦,K,亚洲,GK,24,169,37,,上海海港,中超,9100000,预估
Amiri B,Uzbekistan,乌兹别克斯坦,K,亚洲,GK,25,177,68,,浦和红钻,J1,5500000,预估
Taremi,Uzbekistan,乌兹别克斯坦,K,亚洲,GK,34,184,52,,柏斯波利斯,伊朗超,9800000,预估
Maeda,Uzbekistan,乌兹别克斯坦,K,亚洲,DF,28,166,52,,山东泰山,中超,2800000,预估
Ueda,Uzbekistan,乌兹别克斯坦,K,亚洲,DF,24,175,52,,塔什干棉农,乌兹超,2800000,预估
Azmoun,Uzbekistan,乌兹别克斯坦,K,亚洲,DF,22,182,64,1,利雅得胜利,沙特联,4800000,预估
Taniguchi,Uzbekistan,乌兹别克斯坦,K,亚洲,DF,33,183,43,,上海海港,中超,5300000,预估
Dabbur,Uzbekistan,乌兹别克斯坦,K,亚洲,DF,21,169,19,,利雅得胜利,沙特联,4099999,预估
Afif,Uzbekistan,乌兹别克斯坦,K,亚洲,DF,34,175,75,1,武里南联,泰超,2600000,预估
Asano,Uzbekistan,乌兹别克斯坦,K,亚洲,DF,32,181,29,,吉达联合,沙特联,3200000,预估
Jahanbakhsh,Uzbekistan,乌兹别克斯坦,K,亚洲,DF,29,187,89,2,山东泰山,中超,3300000,预估
Hwang,Uzbekistan,乌兹别克斯坦,K,亚洲,MF,26,172,48,5,柏斯波利斯,伊朗超,3500000,预估
Yoshida,Uzbekistan,乌兹别克斯坦,K,亚洲,MF,22,169,38,8,武里南联,泰超,2200000,预估
Solomon,Uzbekistan,乌兹别克斯坦,K,亚洲,MF,30,166,82,13,川崎前锋,J1,1700000,预估
Son,Uzbekistan,乌兹别克斯坦,K,亚洲,MF,30,186,81,19,全北现代,K1,2000000,预估
Peretz,Uzbekistan,乌兹别克斯坦,K,亚洲,MF,28,188,53,9,杜海勒,卡塔尔联,1800000,预估
Taremi Jr,Uzbekistan,乌兹别克斯坦,K,亚洲,MF,27,177,40,5,山东泰山,中超,1600000,预估
Afif Jr.,Uzbekistan,乌兹别克斯坦,K,亚洲,MF,28,179,29,1,塔什干棉农,乌兹超,800000,预估
Ghareeb,Uzbekistan,乌兹别克斯坦,K,亚洲,MF,23,189,63,3,蔚山HD,K1,1100000,预估
Ghareeb A,Uzbekistan,乌兹别克斯坦,K,亚洲,FW,23,184,44,4,利雅得胜利,沙特联,2000000,预估
Hassan,Uzbekistan,乌兹别克斯坦,K,亚洲,FW,21,183,41,3,浦和红钻,J1,1700000,预估
Son Jr.,Uzbekistan,乌兹别克斯坦,K,亚洲,FW,26,181,35,8,杜海勒,卡塔尔联,1300000,预估
Ghareeb Jr.,Uzbekistan,乌兹别克斯坦,K,亚洲,FW,31,167,78,14,上海海港,中超,1100000,预估
Amiri Jr,Uzbekistan,乌兹别克斯坦,K,亚洲,FW,28,172,28,5,川崎前锋,J1,1900000,预估
Ueda A,Uzbekistan,乌兹别克斯坦,K,亚洲,FW,27,178,57,7,阿尔阿赫利,沙特联,900000,预估
Ghoddos,Uzbekistan,乌兹别克斯坦,K,亚洲,FW,20,174,45,2,德黑兰独立,伊朗超,1400000,预估
Williams,DR Congo,刚果(金),K,非洲,GK,28,193,53,,拉贾,摩超,5000000,预估
Iheanacho,DR Congo,刚果(金),K,非洲,GK,33,180,56,1, TP马赞贝,刚果超,5300000,预估
Osimhen,DR Congo,刚果(金),K,非洲,GK,31,172,44,,突尼斯希望,突超,8900000,预估
Traore,DR Congo,刚果(金),K,非洲,DF,23,169,61,,波特洛,安哥拉超,4099999,预估
Ben Romdhane,DR Congo,刚果(金),K,非洲,DF,29,175,40,,阿尔阿赫利,沙特联,4099999,预估
Awoniyi,DR Congo,刚果(金),K,非洲,DF,26,167,73,1,波特洛,安哥拉超,3300000,预估
Salah,DR Congo,刚果(金),K,非洲,DF,29,180,79,1,开罗国民,埃及超,5000000,预估
Singh,DR Congo,刚果(金),K,非洲,DF,30,183,61,1,阿尔阿赫利,埃及超,3200000,预估
Iheanacho B,DR Congo,刚果(金),K,非洲,DF,33,188,64,,维达德,摩超,3500000,预估
El Shenawy,DR Congo,刚果(金),K,非洲,DF,34,166,95,2,突尼斯希望,突超,3000000,预估
Talbi,DR Congo,刚果(金),K,非洲,DF,28,182,48,, TP马赞贝,刚果超,1300000,预估
Faye,DR Congo,刚果(金),K,非洲,MF,22,177,36,5,波特洛,安哥拉超,3500000,预估
Mane,DR Congo,刚果(金),K,非洲,MF,30,173,52,9,开罗国民,埃及超,1400000,预估
Faye II,DR Congo,刚果(金),K,非洲,MF,28,167,48,11, TP马赞贝,刚果超,3200000,预估
Bronn,DR Congo,刚果(金),K,非洲,MF,30,177,59,7,阿尔阿赫利,沙特联,3200000,预估
Awoniyi Jr.,DR Congo,刚果(金),K,非洲,MF,21,181,35,7,阿尔希拉尔,沙特联,700000,预估
Tau,DR Congo,刚果(金),K,非洲,MF,21,178,51,6,阿尔纳斯尔,沙特联,1600000,预估
Jaziri,DR Congo,刚果(金),K,非洲,MF,26,189,44,7,维达德,摩超,1200000,预估
Ashour,DR Congo,刚果(金),K,非洲,MF,20,187,55,1,马梅洛迪日落,南非超,1800000,预估
Fall,DR Congo,刚果(金),K,非洲,FW,25,169,58,5,阿尔阿赫利,沙特联,2300000,预估
Osimhen Jr,DR Congo,刚果(金),K,非洲,FW,21,189,32,5, TP马赞贝,刚果超,1100000,预估
Salah II,DR Congo,刚果(金),K,非洲,FW,28,169,61,6,扎马雷克,埃及超,1000000,预估
Ashour A,DR Congo,刚果(金),K,非洲,FW,30,180,89,19,开罗国民,埃及超,900000,预估
Onuachu,DR Congo,刚果(金),K,非洲,FW,20,182,23,1,突尼斯希望,突超,1600000,预估
Ndiaye,DR Congo,刚果(金),K,非洲,FW,20,171,16,1,维达德,摩超,1600000,预估
Lookman,DR Congo,刚果(金),K,非洲,FW,23,180,39,8,开罗国民,埃及超,1300000,预估
Jordan Pickford,England,英格兰,L,欧洲,GK,31,180,70,,埃弗顿,英超,22000000,★已核实
Aaron Ramsdale,England,英格兰,L,欧洲,GK,27,188,5,,南安普顿,英超,18000000,★已核实
Dean Henderson,England,英格兰,L,欧洲,GK,28,186,2,,水晶宫,英超,15000000,★已核实
Marc Guehi,England,英格兰,L,欧洲,DF,24,171,15,,水晶宫,英超,45000000,★已核实
John Stones,England,英格兰,L,欧洲,DF,31,182,80,3,曼城,英超,35000000,★已核实
Harry Maguire,England,英格兰,L,欧洲,DF,32,184,65,7,曼联,英超,18000000,★已核实
Ezri Konsa,England,英格兰,L,欧洲,DF,27,188,10,,阿斯顿维拉,英超,35000000,★已核实
Trent Alexander-Arnold,England,英格兰,L,欧洲,DF,26,181,25,3,皇家马德里,西甲,55000000,★已核实
Rico Lewis,England,英格兰,L,欧洲,DF,20,172,8,,曼城,英超,45000000,★已核实
Ben Chilwell,England,英格兰,L,欧洲,DF,28,172,25,1,切尔西,英超,25000000,★已核实
Levi Colwill,England,英格兰,L,欧洲,DF,22,167,5,,切尔西,英超,45000000,★已核实
Declan Rice,England,英格兰,L,欧洲,MF,26,173,60,5,阿森纳,英超,100000000,★已核实
Jude Bellingham,England,英格兰,L,欧洲,MF,22,189,35,5,皇家马德里,西甲,150000000,★已核实
Phil Foden,England,英格兰,L,欧洲,MF,25,178,45,5,曼城,英超,110000000,★已核实
Bukayo Saka,England,英格兰,L,欧洲,MF,23,175,45,12,阿森纳,英超,120000000,★已核实
Cole Palmer,England,英格兰,L,欧洲,MF,23,186,20,5,切尔西,英超,90000000,★已核实
Kobbie Mainoo,England,英格兰,L,欧洲,MF,19,194,15,2,曼联,英超,60000000,★已核实
Morgan Gibbs-White,England,英格兰,L,欧洲,MF,25,183,8,2,诺丁汉森林,英超,40000000,★已核实
Harry Kane,England,英格兰,L,欧洲,FW,32,167,95,70,拜仁慕尼黑,德甲,90000000,★已核实
Ollie Watkins,England,英格兰,L,欧洲,FW,29,168,20,5,阿斯顿维拉,英超,55000000,★已核实
Anthony Gordon,England,英格兰,L,欧洲,FW,24,186,8,2,利物浦,英超,55000000,★已核实
Jarrod Bowen,England,英格兰,L,欧洲,FW,28,178,15,5,西汉姆联,英超,35000000,★已核实
Eberechi Eze,England,英格兰,L,欧洲,FW,27,178,10,3,水晶宫,英超,50000000,★已核实
Dominic Solanke,England,英格兰,L,欧洲,FW,27,176,5,2,热刺,英超,40000000,★已核实
Noni Madueke,England,英格兰,L,欧洲,FW,23,176,5,1,切尔西,英超,45000000,★已核实
James Maddison,England,英格兰,L,欧洲,FW,28,171,15,3,热刺,英超,50000000,★已核实
Dominik Livakovic,Croatia,克罗地亚,L,欧洲,GK,30,178,55,,费内巴切,土超,12000000,★已核实
Nediljko Labrovic,Croatia,克罗地亚,L,欧洲,GK,27,179,5,,阿斯顿维拉,英超,8000000,★已核实
Ivica Ivusic,Croatia,克罗地亚,L,欧洲,GK,29,187,8,,帕纳辛奈科斯,希超,4000000,★已核实
Josko Gvardiol,Croatia,克罗地亚,L,欧洲,DF,23,185,35,3,曼城,英超,75000000,★已核实
Josip Sutalo,Croatia,克罗地亚,L,欧洲,DF,25,165,20,2,阿贾克斯,荷甲,20000000,★已核实
Marin Pongracic,Croatia,克罗地亚,L,欧洲,DF,27,189,10,,佛罗伦萨,意甲,12000000,★已核实
Borna Sosa,Croatia,克罗地亚,L,欧洲,DF,27,174,25,2,都灵,意甲,10000000,★已核实
Josip Juranovic,Croatia,克罗地亚,L,欧洲,DF,29,170,40,1,柏林联合,德甲,10000000,★已核实
Martin Erlic,Croatia,克罗地亚,L,欧洲,DF,27,176,15,1,萨索洛,意乙,8000000,★已核实
Domagoj Vida,Croatia,克罗地亚,L,欧洲,DF,36,184,105,4,雅典AEK,希超,1500000,★已核实
Luka Modric,Croatia,克罗地亚,L,欧洲,MF,40,191,185,27,AC米兰,意甲,8000000,★已核实
Marcelo Brozovic,Croatia,克罗地亚,L,欧洲,MF,32,190,100,8,阿尔纳斯尔,沙特联,15000000,★已核实
Mateo Kovacic,Croatia,克罗地亚,L,欧洲,MF,31,179,105,5,曼城,英超,30000000,★已核实
Mario Pasalic,Croatia,克罗地亚,L,欧洲,MF,30,184,65,10,亚特兰大,意甲,18000000,★已核实
Nikola Vlasic,Croatia,克罗地亚,L,欧洲,MF,27,169,55,8,都灵,意甲,18000000,★已核实
Lovro Majer,Croatia,克罗地亚,L,欧洲,MF,27,179,35,8,沃尔夫斯堡,德甲,22000000,★已核实
Martin Baturina,Croatia,克罗地亚,L,欧洲,MF,22,166,15,3,萨格勒布迪纳摩,克甲,20000000,★已核实
Luka Sucic,Croatia,克罗地亚,L,欧洲,MF,22,194,10,2,萨尔茨堡红牛,奥甲,15000000,★已核实
Andrej Kramaric,Croatia,克罗地亚,L,欧洲,FW,34,191,95,30,霍芬海姆,德甲,8000000,★已核实
Ivan Perisic,Croatia,克罗地亚,L,欧洲,FW,36,172,140,35,埃因霍温,荷甲,5000000,★已核实
Bruno Petkovic,Croatia,克罗地亚,L,欧洲,FW,30,171,45,10,萨格勒布迪纳摩,克甲,8000000,★已核实
Ante Budimir,Croatia,克罗地亚,L,欧洲,FW,33,186,25,8,奥萨苏纳,西甲,8000000,★已核实
Marco Pasalic,Croatia,克罗地亚,L,欧洲,FW,23,176,8,2,里耶卡,克甲,5000000,★已核实
Dion Drena Beljo,Croatia,克罗地亚,L,欧洲,FW,22,169,5,1,维也纳快速,奥甲,5000000,★已核实
Franjo Ivanovic,Croatia,克罗地亚,L,欧洲,FW,21,189,3,1,拜仁慕尼黑二队,德丙,4000000,★已核实
Gabrijel Rukavina,Croatia,克罗地亚,L,欧洲,FW,21,188,3,,奥西耶克,克甲,3000000,★已核实
Gueye,Ghana,加纳,L,非洲,GK,26,195,56,,马梅洛迪日落,南非超,13000000,预估
Mokoena,Ghana,加纳,L,非洲,GK,24,170,41,1, TP马赞贝,刚果超,20400000,预估
Tau,Ghana,加纳,L,非洲,GK,31,171,60,,阿尔阿赫利,沙特联,18100000,预估
Williams,Ghana,加纳,L,非洲,DF,28,188,61,,阿尔贾兹拉,阿联酋超,12000000,预估
Ouattara,Ghana,加纳,L,非洲,DF,22,166,51,,阿尔阿赫利,沙特联,7300000,预估
Singh,Ghana,加纳,L,非洲,DF,31,172,54,,马梅洛迪日落,南非超,7400000,预估
Mokoena A,Ghana,加纳,L,非洲,DF,33,195,72,1,维达德,摩超,7500000,预估
Bronn,Ghana,加纳,L,非洲,DF,25,184,59,1,阿尔希拉尔,沙特联,11200000,预估
Awoniyi,Ghana,加纳,L,非洲,DF,28,194,58,,阿尔贾兹拉,阿联酋超,5100000,预估
Zwane,Ghana,加纳,L,非洲,DF,22,169,31,,ASEC米莫萨,科特迪瓦超,7100000,预估
Ashour,Ghana,加纳,L,非洲,DF,24,192,34,, TP马赞贝,刚果超,4000000,预估
Mohsen,Ghana,加纳,L,非洲,MF,30,191,42,6,马梅洛迪日落,南非超,2800000,预估
Williams II,Ghana,加纳,L,非洲,MF,20,191,49,8,突尼斯希望,突超,5600000,预估
Gueye A,Ghana,加纳,L,非洲,MF,26,174,41,6,波特洛,安哥拉超,3800000,预估
Musa,Ghana,加纳,L,非洲,MF,22,165,52,1,突尼斯希望,突超,5100000,预估
Ouattara Jr,Ghana,加纳,L,非洲,MF,30,175,67,3,突尼斯希望,突超,2000000,预估
Kouyate,Ghana,加纳,L,非洲,MF,22,187,28,5,马梅洛迪日落,南非超,3600000,预估
Salah,Ghana,加纳,L,非洲,MF,25,190,22,2,波特洛,安哥拉超,1500000,预估
Fall,Ghana,加纳,L,非洲,MF,24,168,40,8,阿尔阿赫利,埃及超,2800000,预估
Msakni,Ghana,加纳,L,非洲,FW,27,174,39,1, TP马赞贝,刚果超,5000000,预估
Iheanacho,Ghana,加纳,L,非洲,FW,21,179,36,6,突尼斯希望,突超,4099999,预估
Williams Jr,Ghana,加纳,L,非洲,FW,29,180,49,5,开罗国民,埃及超,2000000,预估
Williams Jr.,Ghana,加纳,L,非洲,FW,28,165,58,12, TP马赞贝,刚果超,2300000,预估
Lookman,Ghana,加纳,L,非洲,FW,27,175,67,10, TP马赞贝,刚果超,4500000,预估
Mohsen II,Ghana,加纳,L,非洲,FW,27,171,43,2,阿尔阿赫利,沙特联,2000000,预估
Kouyate A,Ghana,加纳,L,非洲,FW,29,188,56,9,阿尔阿赫利,沙特联,4200000,预估
Francis,Panama,巴拿马,L,中北美,GK,36,185,51,,老虎,墨超,6700000,预估
Quioto,Panama,巴拿马,L,中北美,GK,34,174,70,,蒙特雷,墨超,9200000,预估
Waterman,Panama,巴拿马,L,中北美,GK,33,174,62,1,美洲,墨超,8000000,预估
Eustaquio,Panama,巴拿马,L,中北美,DF,23,182,43,,美洲,墨超,3200000,预估
Parris,Panama,巴拿马,L,中北美,DF,30,181,83,1,莫塔瓜,洪都拉斯超,5500000,预估
Caldwell,Panama,巴拿马,L,中北美,DF,22,189,46,1,多伦多FC,美职联,3100000,预估
Cruz,Panama,巴拿马,L,中北美,DF,23,173,29,,国际迈阿密,美职联,3100000,预估
Lozano,Panama,巴拿马,L,中北美,DF,30,182,44,,西雅图海湾人,美职联,4500000,预估
Russell,Panama,巴拿马,L,中北美,DF,28,180,57,,老虎,墨超,2600000,预估
Pineda,Panama,巴拿马,L,中北美,DF,29,184,72,1,温哥华白浪,美职联,3300000,预估
Vitória,Panama,巴拿马,L,中北美,DF,30,188,76,2,哥伦布机员,美职联,1400000,预估
Knight,Panama,巴拿马,L,中北美,MF,28,169,45,5,老虎,墨超,3000000,预估
Waterman Jr,Panama,巴拿马,L,中北美,MF,28,187,75,8,阿拉伯联合,萨尔瓦多超,3200000,预估
Francis A,Panama,巴拿马,L,中北美,MF,33,187,56,6,温哥华白浪,美职联,1300000,预估
Cruz B,Panama,巴拿马,L,中北美,MF,25,186,69,10,阿拉胡埃伦斯,哥斯达黎加,2600000,预估
Betancourt,Panama,巴拿马,L,中北美,MF,22,165,32,2,埃雷迪亚诺,哥斯达黎加,1100000,预估
Millar,Panama,巴拿马,L,中北美,MF,24,177,41,7,温哥华白浪,美职联,1700000,预估
Larin,Panama,巴拿马,L,中北美,MF,29,183,63,1,温哥华白浪,美职联,1500000,预估
Gallardo,Panama,巴拿马,L,中北美,MF,31,193,56,9,国际迈阿密,美职联,2000000,预估
Vasquez,Panama,巴拿马,L,中北美,FW,24,186,53,7,国际迈阿密,美职联,2100000,预估
Chavez,Panama,巴拿马,L,中北美,FW,30,181,37,4,蓝十字,墨超,1300000,预估
Anderson,Panama,巴拿马,L,中北美,FW,28,166,68,16,西雅图海湾人,美职联,1600000,预估
Nicholson,Panama,巴拿马,L,中北美,FW,32,173,84,3,阿拉胡埃伦斯,哥斯达黎加,1900000,预估
Alvarez,Panama,巴拿马,L,中北美,FW,27,170,74,3,美洲,墨超,2000000,预估
Johnson,Panama,巴拿马,L,中北美,FW,26,166,32,5,埃雷迪亚诺,哥斯达黎加,2000000,预估
Quioto B,Panama,巴拿马,L,中北美,FW,30,174,52,10,老虎,墨超,600000,预估
